Authors,Publication Year,Data Collection Period,Species,Region,Manuscript Region,Specific Location,n,Sample Type,Chemical,FA class,Concentration,Concentration units,Tissue,Notes,DOI or Link,type
Borden et al. 2018,2018,N/A,Sockeye,British Columbia,BC/WC,Store-bought - Vanouver Island,,N/A,20:5n3,EPA,0.32,% body weight or g/100g bw,muscle,fresh,10.1007/s00216-018-1467-y,nutrient
Borden et al. 2018,2018,N/A,Sockeye,British Columbia,BC/WC,Store-bought - Vanouver Island,,N/A,20:5n3,EPA,0.27,% body weight or g/100g bw,muscle,frozen,10.1007/s00216-018-1467-y,nutrient
Borden et al. 2018,2018,N/A,Sockeye,British Columbia,BC/WC,Store-bought - Vanouver Island,,N/A,20:5n3,EPA,0.048,% body weight or g/100g bw,muscle,canned,10.1007/s00216-018-1467-y,nutrient
Borden et al. 2018,2018,N/A,Chinook,British Columbia,BC/WC,Unknown fly fishing - Vanouver Island,,N/A,20:5n3,EPA,0.42,% body weight or g/100g bw,muscle,fresh,10.1007/s00216-018-1467-y,nutrient
Borden et al. 2018,2018,N/A,Sockeye,British Columbia,BC/WC,Store-bought - Vanouver Island,,N/A,22:6n3,DHA,0.84,% body weight or g/100g bw,muscle,fresh,10.1007/s00216-018-1467-y,nutrient
Borden et al. 2018,2018,N/A,Sockeye,British Columbia,BC/WC,Store-bought - Vanouver Island,,N/A,22:6n3,DHA,0.4,% body weight or g/100g bw,muscle,frozen,10.1007/s00216-018-1467-y,nutrient
Borden et al. 2018,2018,N/A,Sockeye,British Columbia,BC/WC,Store-bought - Vanouver Island,,N/A,22:6n3,DHA,0.14,% body weight or g/100g bw,muscle,canned,10.1007/s00216-018-1467-y,nutrient
Borden et al. 2018,2018,N/A,Chinook,British Columbia,BC/WC,Unknown fly fishing - Vanouver Island,,N/A,22:6n3,DHA,0.71,% body weight or g/100g bw,muscle,fresh,10.1007/s00216-018-1467-y,nutrient
Donaldson 1967,1967,N/A,Sockeye,Alaska,NA,NA,NA,NA,%P,P,0.38,% body weight or g/100g bw,muscle,,,nutrient
Exler & Weihrauch 1976,1976,1973-1975,Sockeye,NA,NA,NA,NA,NA,20:5n3,EPA,1.3,% body weight or g/100g bw,muscle,from Mahaffey 2004,,nutrient
Exler & Weihrauch 1976,1976,1973-1975,Chinook,NA,NA,NA,NA,NA,20:5n3,EPA,1.1,% body weight or g/100g bw,muscle,from Mahaffey 2004; canned,,nutrient
Exler & Weihrauch 1976,1976,1973-1975,Coho,NA,NA,NA,NA,NA,20:5n3,EPA,0.82,% body weight or g/100g bw,muscle,from Mahaffey 2004,,nutrient
Exler & Weihrauch 1976,1976,1973-1975,Chinook,NA,NA,NA,NA,NA,20:5n3,EPA,1,% body weight or g/100g bw,muscle,from Mahaffey 2004,,nutrient
Exler & Weihrauch 1976,1976,1973-1975,Sockeye,NA,NA,NA,NA,NA,20:5n3,EPA,0.62,% body weight or g/100g bw,muscle,from Mahaffey 2004; canned,,nutrient
Exler & Weihrauch 1976,1976,1973-1975,Pink,NA,NA,NA,NA,NA,20:5n3,EPA,0.64,% body weight or g/100g bw,muscle,from Mahaffey 2004,,nutrient
Exler & Weihrauch 1976,1976,1973-1975,Sockeye,NA,NA,NA,NA,NA,22:6n3,DHA,1.7,% body weight or g/100g bw,muscle,from Mahaffey 2004,,nutrient
Exler & Weihrauch 1976,1976,1973-1975,Chinook,NA,NA,NA,NA,NA,22:6n3,DHA,1.2,% body weight or g/100g bw,muscle,from Mahaffey 2004; canned,,nutrient
Exler & Weihrauch 1976,1976,1973-1975,Coho,NA,NA,NA,NA,NA,22:6n3,DHA,0.94,% body weight or g/100g bw,muscle,from Mahaffey 2004,,nutrient
Exler & Weihrauch 1976,1976,1973-1975,Chinook,NA,NA,NA,NA,NA,22:6n3,DHA,0.72,% body weight or g/100g bw,muscle,from Mahaffey 2004,,nutrient
Exler & Weihrauch 1976,1976,1973-1975,Sockeye,NA,NA,NA,NA,NA,22:6n3,DHA,1,% body weight or g/100g bw,muscle,from Mahaffey 2004; canned,,nutrient
Exler & Weihrauch 1976,1976,1973-1975,Pink,NA,NA,NA,NA,NA,22:6n3,DHA,0.89,% body weight or g/100g bw,muscle,from Mahaffey 2004,,nutrient
Gladyshev et al. 2012,2012,2008-2009,Sockeye,Russia,NA,Kurilskoye Lake,10,Individual,20:5n3,EPA,0.076,% body weight or g/100g bw,muscle,,10.1111/j.1750-3841.2012.02998.x ,nutrient
Gladyshev et al. 2012,2012,2008-2009,Sockeye,Russia,NA,Kurilskoye Lake,10,Individual,22:6n3,DHA,0.186,% body weight or g/100g bw,muscle,,10.1111/j.1750-3841.2012.02998.x ,nutrient
Henriques et al. (2014),2014,2013,Chum,United Kingdom,NA,Store-bought,2,Individual,20:5n3,EPA,0.4,% body weight or g/100g bw,muscle,,doi:10.1017/S0007114514001603,nutrient
Henriques et al. (2014),2014,2013,Sockeye,United Kingdom,NA,Store-bought,2,Individual,20:5n3,EPA,0.3,% body weight or g/100g bw,muscle,,doi:10.1017/S0007114514001603,nutrient
Henriques et al. (2014),2014,2013,Pink,United Kingdom,NA,Store-bought,2,Individual,20:5n3,EPA,0.2,% body weight or g/100g bw,muscle,,doi:10.1017/S0007114514001603,nutrient
Henriques et al. (2014),2014,2013,Pink,United Kingdom,NA,Store-bought,2,Individual,20:5n3,EPA,0.1,% body weight or g/100g bw,muscle,,doi:10.1017/S0007114514001603,nutrient
Henriques et al. (2014),2014,2013,Pink,United Kingdom,NA,Store-bought,2,Individual,20:5n3,EPA,0.1,% body weight or g/100g bw,muscle,,doi:10.1017/S0007114514001603,nutrient
Henriques et al. (2014),2014,2013,Chum,United Kingdom,NA,Store-bought,2,Individual,22:6n3,DHA,0.6,% body weight or g/100g bw,muscle,,doi:10.1017/S0007114514001603,nutrient
Henriques et al. (2014),2014,2013,Sockeye,United Kingdom,NA,Store-bought,2,Individual,22:6n3,DHA,0.5,% body weight or g/100g bw,muscle,,doi:10.1017/S0007114514001603,nutrient
Henriques et al. (2014),2014,2013,Pink,United Kingdom,NA,Store-bought,2,Individual,22:6n3,DHA,0.4,% body weight or g/100g bw,muscle,,doi:10.1017/S0007114514001603,nutrient
Henriques et al. (2014),2014,2013,Pink,United Kingdom,NA,Store-bought,2,Individual,22:6n3,DHA,0.3,% body weight or g/100g bw,muscle,,doi:10.1017/S0007114514001603,nutrient
Henriques et al. (2014),2014,2013,Pink,United Kingdom,NA,Store-bought,2,Individual,22:6n3,DHA,0.3,% body weight or g/100g bw,muscle,,doi:10.1017/S0007114514001603,nutrient
Huynh and Kitts 2009,2009,N/A,Pink,Pacific Northwest,BC/WC,British Columbia/Alaska,8,Individual,20:5n3,EPA,0.29,% body weight or g/100g bw,muscle,from Gladyshev et al. 2012,,nutrient
Huynh and Kitts 2009,2009,N/A,Pink,Pacific Northwest,BC/WC,British Columbia/Alaska,8,Individual,22:6n3,DHA,0.68,% body weight or g/100g bw,muscle,from Gladyshev et al. 2012,,nutrient
Larkin and Slaney 1997,1997,N/A,All,British Columbia,BC/WC,Fraser River,NA,NA,%N,N,3.04,% body weight or g/100g bw,whole fish,,,nutrient
Larkin and Slaney 1997,1997,N/A,All,British Columbia,BC/WC,Fraser River,NA,NA,%P,P,0.36,% body weight or g/100g bw,whole fish,,,nutrient
Porter et al. 1992,1992,1988,Sockeye,Alaska,Kenai,Kenai,22,Individual,20:5n3,EPA,0.22,% body weight or g/100g bw,muscle,light,10.1111/j.1365-2621.1992.tb01201.x,nutrient
Porter et al. 1992,1992,1988,Sockeye,Alaska,Kenai,Kenai,2,Composite,20:5n3,EPA,1.88,% body weight or g/100g bw,muscle,dark,10.1111/j.1365-2621.1992.tb01201.x,nutrient
Porter et al. 1992,1992,1988,Sockeye,Alaska,Kenai,Kenai,22,Individual,22:6n3,DHA,0.57,% body weight or g/100g bw,muscle,light,10.1111/j.1365-2621.1992.tb01201.x,nutrient
Porter et al. 1992,1992,1988,Sockeye,Alaska,Kenai,Kenai,2,Composite,22:6n3,DHA,3.67,% body weight or g/100g bw,muscle,dark,10.1111/j.1365-2621.1992.tb01201.x,nutrient
USDA database,N/A,N/A,Sockeye,NA,NA,NA,NA,NA,%N,N,3.56,% body weight or g/100g bw,muscle,N derived from protein data using https://norganics.com/index-2/calculation-pages/convert-protein-to-nitrogen/,,nutrient
USDA database,N/A,N/A,Coho,NA,NA,NA,NA,NA,%N,N,3.46,% body weight or g/100g bw,muscle,N derived from protein data using https://norganics.com/index-2/calculation-pages/convert-protein-to-nitrogen/,,nutrient
USDA database,N/A,N/A,Chinook,NA,NA,NA,NA,NA,%N,N,3.19,% body weight or g/100g bw,muscle,N derived from protein data using https://norganics.com/index-2/calculation-pages/convert-protein-to-nitrogen/,,nutrient
USDA database,N/A,N/A,Pink,NA,NA,NA,NA,NA,%N,N,3.28,% body weight or g/100g bw,muscle,N derived from protein data using https://norganics.com/index-2/calculation-pages/convert-protein-to-nitrogen/,,nutrient
USDA database,N/A,N/A,Chum,NA,NA,NA,NA,NA,%N,N,3.22,% body weight or g/100g bw,muscle,N derived from protein data using https://norganics.com/index-2/calculation-pages/convert-protein-to-nitrogen/,,nutrient
USDA database,N/A,N/A,Sockeye,NA,NA,NA,NA,NA,%P,P,0.257,% body weight or g/100g bw,muscle,,,nutrient
USDA database,N/A,N/A,Coho,NA,NA,NA,NA,NA,%P,P,0.262,% body weight or g/100g bw,muscle,,,nutrient
USDA database,N/A,N/A,Chinook,NA,NA,NA,NA,NA,%P,P,0.289,% body weight or g/100g bw,muscle,,,nutrient
USDA database,N/A,N/A,Pink,NA,NA,NA,NA,NA,%P,P,0.261,% body weight or g/100g bw,muscle,,,nutrient
USDA database,N/A,N/A,Chum,NA,NA,NA,NA,NA,%P,P,0.283,% body weight or g/100g bw,muscle,,,nutrient
AK Dept of Environmental Conservation,2019,2001-2018,Chum,Alaska,NA,NA,50,Individual,PCBs,,1.88,ng/g ww,Fillet,,,contaminant
AK Dept of Environmental Conservation,2019,2001-2018,Chum,Alaska,NA,NA,2,Individual,PCBs,,2.79,ng/g ww,Whole Body,,,contaminant
AK Dept of Environmental Conservation,2019,2001-2018,Coho,Alaska,NA,NA,113,Individual,PCBs,,1.37,ng/g ww,Fillet,,,contaminant
AK Dept of Environmental Conservation,2019,2001-2018,Coho,Alaska,NA,NA,58,Individual,PCBs,,3.66,ng/g ww,Whole Body,,,contaminant
AK Dept of Environmental Conservation,2019,2001-2018,Chinook,Alaska,NA,NA,79,Individual,PCBs,,11.65,ng/g ww,Fillet,,,contaminant
AK Dept of Environmental Conservation,2019,2001-2018,Chinook,Alaska,NA,NA,15,Individual,PCBs,,17.19,ng/g ww,Whole Body,,,contaminant
AK Dept of Environmental Conservation,2019,2001-2018,Pink,Alaska,NA,NA,33,Individual,PCBs,,1.06,ng/g ww,Fillet,,,contaminant
AK Dept of Environmental Conservation,2019,2001-2018,Sockeye,Alaska,NA,NA,68,Individual,PCBs,,6.56,ng/g ww,Fillet,,,contaminant
AK Dept of Environmental Conservation,2019,2001-2018,Sockeye,Alaska,NA,NA,20,Individual,PCBs,,7.13,ng/g ww,Whole Body,,,contaminant
AK Dept of Environmental Conservation,2019,2001-2018,Sockeye,Alaska,NA,NA,6,Composite,PCBs,,8.47,ng/g ww,Whole Body,,,contaminant
Bloom,1992,NA,Chinook,Alaska,NA,Store-bought,10,Individual,Hg_Total,,0.039,mg/kg ww,Fillet,,,contaminant
Burger et al.,2007,2004-2005,Sockeye,Alaska,Central AK,Aleutian Islands,15,Individual,Hg_Total,,0.042,mg/kg ww,Fillet,,,contaminant
Dabeka et al.,2004,2002,Sockeye,Canada,BC/WC,Store-bought,2,Individual,Hg_Total,,0.038,mg/kg ww,Fillet,,,contaminant
Dabeka et al.,2004,2002,Chinook,Canada,BC/WC,Store-bought,3,Individual,Hg_Total,,0.053,mg/kg ww,Fillet,,,contaminant
Easton et al.,2002,2000,Chinook,Alaska,NA,Store-bought,1,Individual,Hg_Total,,0.0559,mg/kg ww,Fillet+Skin,,,contaminant
Easton et al.,2002,2000,Chum,Alaska,NA,Store-bought,1,Individual,Hg_Total,,0.0264,mg/kg ww,Fillet+Skin,,,contaminant
Easton et al.,2002,2000,Sockeye,British Columbia,BC/WC,Store-bought,1,Individual,Hg_Total,,0.072,mg/kg ww,Fillet+Skin,,,contaminant
Easton et al.,2002,2000,Sockeye,British Columbia,BC/WC,Store-bought,1,Individual,Hg_Total,,0.0436,mg/kg ww,Fillet+Skin,,,contaminant
Easton et al.,2002,2000,Chinook,Alaska,NA,Store-bought,1,Individual,PCBs,,8.58,ng/g ww,Fillet+Skin,112 Congeners,,contaminant
Easton et al.,2002,2000,Chum,Alaska,NA,Store-bought,1,Individual,PCBs,,1.88,ng/g ww,Fillet+Skin,112 Congeners,,contaminant
Easton et al.,2002,2000,Sockeye,British Columbia,BC/WC,Store-bought,1,Individual,PCBs,,5.945,ng/g ww,Fillet+Skin,112 Congeners,,contaminant
Easton et al.,2002,2000,Sockeye,British Columbia,BC/WC,Store-bought,1,Individual,PCBs,,4.792,ng/g ww,Fillet+Skin,112 Congeners,,contaminant
Easton et al.,2002,2000,Chinook,Alaska,NA,Store-bought,1,Individual,DDTs,,8.59,ng/g ww,Fillet+Skin,"Sum of p,p'-DDT, o,p'-DDT,  p,p'-DDE, o,p'-DDE, p,p'-DDD, o,p'-DDD",,contaminant
Easton et al.,2002,2000,Chum,Alaska,NA,Store-bought,1,Individual,DDTs,,1.7,ng/g ww,Fillet+Skin,"Sum of p,p'-DDT, o,p'-DDT,  p,p'-DDE, o,p'-DDE, p,p'-DDD, o,p'-DDD",,contaminant
Easton et al.,2002,2000,Sockeye,British Columbia,BC/WC,Store-bought,1,Individual,DDTs,,6.7,ng/g ww,Fillet+Skin,"Sum of p,p'-DDT, o,p'-DDT,  p,p'-DDE, o,p'-DDE, p,p'-DDD, o,p'-DDD",,contaminant
Easton et al.,2002,2000,Sockeye,British Columbia,BC/WC,Store-bought,1,Individual,DDTs,,5.57,ng/g ww,Fillet+Skin,"Sum of p,p'-DDT, o,p'-DDT,  p,p'-DDE, o,p'-DDE, p,p'-DDD, o,p'-DDD",,contaminant
Easton et al.,2002,2000-2001,Chinook,Alaska,NA,Store-bought,1,Individual,PBDEs,,0.485,ng/g ww,Fillet+Skin,Sum of 39 congeners (specific congeners not provided),,contaminant
Easton et al.,2002,2000-2001,Chum,Alaska,NA,Store-bought,1,Individual,PBDEs,,0.039,ng/g ww,Fillet+Skin,Sum of 39 congeners (specific congeners not provided),,contaminant
Easton et al.,2002,2000-2001,Sockeye,British Columbia,NA,Store-bought,1,Individual,PBDEs,,0.095,ng/g ww,Fillet+Skin,Sum of 39 congeners (specific congeners not provided),,contaminant
Easton et al.,2002,2000-2001,Sockeye,British Columbia,NA,Store-bought,1,Individual,PBDEs,,0.093,ng/g ww,Fillet+Skin,Sum of 39 congeners (specific congeners not provided),,contaminant
Hall et al.,1978,1974,Chinook,USA,BC/WC,US Coastline,108,Individual,Hg_Total,,0.062,mg/kg ww,Fillet,,,contaminant
Hall et al.,1978,1974,Chum,USA,BC/WC,US Coastline,55,Individual,Hg_Total,,0.044,mg/kg ww,Fillet,,,contaminant
Hall et al.,1978,1974,Coho,USA,BC/WC,US Coastline,69,Individual,Hg_Total,,0.055,mg/kg ww,Fillet,,,contaminant
Hall et al.,1978,1974,Pink,USA,BC/WC,US Coastline,29,Individual,Hg_Total,,0.025,mg/kg ww,Fillet,,,contaminant
Hall et al.,1978,1974,Sockeye,USA,BC/WC,US Coastline,60,Individual,Hg_Total,,0.04,mg/kg ww,Fillet,,,contaminant
Health Canada,2007,2002-2004,Chinook,Canada,NA,Store-bought,29,Individual,Hg_Total,,0.05,mg/kg ww,Fillet,,,contaminant
Health Canada,2007,2002-2004,Chum,Canada,NA,Store-bought,18,Individual,Hg_Total,,0.02,mg/kg ww,Fillet,,,contaminant
Health Canada,2007,2002-2004,Coho,Canada,NA,Store-bought,3,Individual,Hg_Total,,0.02,mg/kg ww,Fillet,,,contaminant
Health Canada,2007,2002-2004,Pink,Canada,NA,Store-bought,1,Individual,Hg_Total,,0.02,mg/kg ww,Fillet,,,contaminant
Health Canada,2007,2002-2004,Sockeye,Canada,NA,Store-bought,15,Individual,Hg_Total,,0.03,mg/kg ww,Fillet,,,contaminant
Hites et al.,2004b,2001-2002,Chinook,British Columbia,BC/WC,Store-bought,3,Composite,PBDEs,,4.19,ng/g ww,Fillet+Skin,"Sum of PBDE congeners 1, 2, 3, 7, 8, 10, 11, 12, 13, 15, 17, 25, 28, 30, 32, 33, 35, 37, 47, 49, 66, 71, 75, 77, 85, 99, 100, 105, 116, 119, 126, 138, 140, 153, 154, 155, 166, 181, 183, 190, 206, 207, and 208",,contaminant
Hites et al.,2004b,2001-2002,Pink,British Columbia,BC/WC,Store-bought,3,Composite,PBDEs,,0.44,ng/g ww,Fillet+Skin,"Sum of PBDE congeners 1, 2, 3, 7, 8, 10, 11, 12, 13, 15, 17, 25, 28, 30, 32, 33, 35, 37, 47, 49, 66, 71, 75, 77, 85, 99, 100, 105, 116, 119, 126, 138, 140, 153, 154, 155, 166, 181, 183, 190, 206, 207, and 208",,contaminant
Hites et al. ,2004,NA,Chinook,Alaska,NA,Store-bought,3,Composite,DDTs,,5.3,ng/g ww,Fillet+Skin,"Sum of p,p'-DDT, o,p'-DDT,  p,p'-DDE, o,p'-DDE, p,p'-DDD, o,p'-DDD",,contaminant
Hites et al. ,2004,NA,Chum,Alaska,NA,Store-bought,3,Composite,DDTs,,1.22,ng/g ww,Fillet+Skin,"Sum of p,p'-DDT, o,p'-DDT,  p,p'-DDE, o,p'-DDE, p,p'-DDD, o,p'-DDD",,contaminant
Hites et al. ,2004,NA,Coho,Alaska,NA,Store-bought,3,Composite,DDTs,,1.95,ng/g ww,Fillet+Skin,"Sum of p,p'-DDT, o,p'-DDT,  p,p'-DDE, o,p'-DDE, p,p'-DDD, o,p'-DDD",,contaminant
Hites et al. ,2004,NA,Pink,Alaska,NA,Store-bought,3,Composite,DDTs,,1.42,ng/g ww,Fillet+Skin,"Sum of p,p'-DDT, o,p'-DDT,  p,p'-DDE, o,p'-DDE, p,p'-DDD, o,p'-DDD",,contaminant
Hites et al. ,2004,NA,Sockeye,Alaska (Kodiak),Central AK,Store-bought,3,Composite,DDTs,,2.84,ng/g ww,Fillet+Skin,"Sum of p,p'-DDT, o,p'-DDT,  p,p'-DDE, o,p'-DDE, p,p'-DDD, o,p'-DDD",,contaminant
Hites et al. ,2004,NA,Chum,Alaska,SEAK,Store-bought,3,Composite,DDTs,,1.49,ng/g ww,Fillet+Skin,"Sum of p,p'-DDT, o,p'-DDT,  p,p'-DDE, o,p'-DDE, p,p'-DDD, o,p'-DDD",,contaminant
Hites et al. ,2004,NA,Coho,Alaska,SEAK,Store-bought,3,Composite,DDTs,,2.36,ng/g ww,Fillet+Skin,"Sum of p,p'-DDT, o,p'-DDT,  p,p'-DDE, o,p'-DDE, p,p'-DDD, o,p'-DDD",,contaminant
Hites et al. ,2004,NA,Pink,Alaska,SEAK,Store-bought,3,Composite,DDTs,,1.35,ng/g ww,Fillet+Skin,"Sum of p,p'-DDT, o,p'-DDT,  p,p'-DDE, o,p'-DDE, p,p'-DDD, o,p'-DDD",,contaminant
Hites et al. ,2004,NA,Sockeye,Alaska,SEAK,Store-bought,3,Composite,DDTs,,5.78,ng/g ww,Fillet+Skin,"Sum of p,p'-DDT, o,p'-DDT,  p,p'-DDE, o,p'-DDE, p,p'-DDD, o,p'-DDD",,contaminant
Hites et al. ,2004,NA,Chinook,British Columbia,BC/WC,Store-bought,3,Composite,DDTs,,11.48,ng/g ww,Fillet+Skin,"Sum of p,p'-DDT, o,p'-DDT,  p,p'-DDE, o,p'-DDE, p,p'-DDD, o,p'-DDD",,contaminant
Hites et al. ,2004,NA,Chum,British Columbia,BC/WC,Store-bought,3,Composite,DDTs,,1.8,ng/g ww,Fillet+Skin,"Sum of p,p'-DDT, o,p'-DDT,  p,p'-DDE, o,p'-DDE, p,p'-DDD, o,p'-DDD",,contaminant
Hites et al. ,2004,NA,Coho,British Columbia,BC/WC,Store-bought,3,Composite,DDTs,,3.43,ng/g ww,Fillet+Skin,"Sum of p,p'-DDT, o,p'-DDT,  p,p'-DDE, o,p'-DDE, p,p'-DDD, o,p'-DDD",,contaminant
Hites et al. ,2004,NA,Pink,British Columbia,BC/WC,Store-bought,3,Composite,DDTs,,2.94,ng/g ww,Fillet+Skin,"Sum of p,p'-DDT, o,p'-DDT,  p,p'-DDE, o,p'-DDE, p,p'-DDD, o,p'-DDD",,contaminant
Hites et al. ,2004,NA,Sockeye,British Columbia,BC/WC,Store-bought,3,Composite,DDTs,,6.35,ng/g ww,Fillet+Skin,"Sum of p,p'-DDT, o,p'-DDT,  p,p'-DDE, o,p'-DDE, p,p'-DDD, o,p'-DDD",,contaminant
Hites et al. ,2004,NA,Chinook,Oregon,BC/WC,Store-bought,3,Composite,DDTs,,12.7,ng/g ww,Fillet+Skin,"Sum of p,p'-DDT, o,p'-DDT,  p,p'-DDE, o,p'-DDE, p,p'-DDD, o,p'-DDD",,contaminant
Hites et al.,2004,NA,Chinook,British Columbia,BC/WC,Store-bought,3,Composite,PCBs,,15.1,ng/g ww,Fillet+Skin,,,contaminant
Keefer et al.,2020,2013-2014,Chinook,Oregon,BC/WC,Willamette River,63,Individual,PCBs,,12.7,ng/g ww,Fillet+Skin,45 Congeners,,contaminant
Keefer et al.,2020,2013-2014,Chinook,Oregon,BC/WC,Willamette River,63,Individual,DDTs,,17.6,ng/g ww,Fillet+Skin,"Sum of p,p'-DDT, o,p'-DDT,  p,p'-DDE, o,p'-DDE, p,p'-DDD, o,p'-DDD",,contaminant
Kelly et al.,2008,2003,Chinook,British Columbia,BC/WC,WCVI Barkley Sound,10,Individual,Hg_Total,,0.086,mg/kg ww,Fillet,,,contaminant
Kelly et al.,2008,2003,Chinook,British Columbia,BC/WC,WCVI Troll,11,Individual,Hg_Total,,0.066,mg/kg ww,Fillet,,,contaminant
Kelly et al.,2008,2003,Chum,British Columbia,BC/WC,Johnstone Strait,12,Individual,Hg_Total,,0.02,mg/kg ww,Fillet,,,contaminant
Kelly et al.,2008,2003,Coho,British Columbia,BC/WC,Nootka Sound,10,Individual,Hg_Total,,0.04,mg/kg ww,Fillet,,,contaminant
Kelly et al.,2008,2003,Coho,British Columbia,BC/WC,Prince Rupert,12,Individual,Hg_Total,,0.025,mg/kg ww,Fillet,,,contaminant
Kelly et al.,2008,2003,Coho,British Columbia,BC/WC,WCVI Troll,13,Individual,Hg_Total,,0.043,mg/kg ww,Fillet,,,contaminant
Kelly et al.,2008,2003,Pink,British Columbia,BC/WC,Johnstone Strait,10,Individual,Hg_Total,,0.013,mg/kg ww,Fillet,,,contaminant
Kelly et al.,2008,2003,Sockeye,British Columbia,BC/WC,Johnstone Strait,11,Individual,Hg_Total,,0.038,mg/kg ww,Fillet,,,contaminant
Kelly et al.,2011b,2007,Sockeye,British Columbia,BC/WC,Fraser River,6,Composite,Hg_Total,,0.021,mg/kg ww,Fillet,,,contaminant
Kelly et al.,2011b,2007,Sockeye,British Columbia,BC/WC,Fraser River,6,Composite,Hg_Total,,0.02,mg/kg ww,Fillet,,,contaminant
Kelly et al.,2011b,2007,Chinook,British Columbia,BC/WC,Fraser River,4,Composite,Hg_Total,,0.02,mg/kg ww,Fillet,,,contaminant
Kelly et al.,2011b,2007,Chinook,British Columbia,BC/WC,Fraser River,10,Composite,Hg_Total,,0.02,mg/kg ww,Fillet,,,contaminant
Kelly et al.,2011b,2007,Sockeye,British Columbia,BC/WC,Fraser River,8,Composite,PCBs,,7.216,ng/g ww,Fillet,139 Congeners,,contaminant
Kelly et al.,2011b,2007,Sockeye,British Columbia,BC/WC,Fraser River,5,Composite,PCBs,,7.803,ng/g ww,Fillet,139 Congeners,,contaminant
Kelly et al.,2011b,2007,Chinook,British Columbia,BC/WC,Fraser River,7,Composite,PCBs,,8.642,ng/g ww,Fillet,139 Congeners,,contaminant
Kelly et al.,2011b,2007,Chinook,British Columbia,BC/WC,Fraser River,2,Composite,PCBs,,9.913,ng/g ww,Fillet,139 Congeners,,contaminant
Kelly et al.,2011,2003,Chinook,British Columbia,BC/WC,WCVI Barkley Sound,10,Individual,DDTs,,13.02,ng/g ww,Fillet,"Sum of p,p'-DDT, o,p'-DDT,  p,p'-DDE, o,p'-DDE, p,p'-DDD, o,p'-DDD",,contaminant
Kelly et al.,2011,2003,Chinook,British Columbia,BC/WC,WCVI Troll,11,Individual,DDTs,,9.8,ng/g ww,Fillet,"Sum of p,p'-DDT, o,p'-DDT,  p,p'-DDE, o,p'-DDE, p,p'-DDD, o,p'-DDD",,contaminant
Kelly et al.,2011b,2007,Chinook,British Columbia,BC/WC,Fraser River,7,Composite,DDTs,,7.76,ng/g ww,Fillet,"Lower Fraser River, Thompson River population; back calculated concentration from ng/g lipid concentration using % lipid provided in paper; sum of p,p?-DDT, o,p?-DDT,  p,p?-DDE, o,p?-DDE, p,p?-DDD, o,p?-DDD",,contaminant
Kelly et al.,2011b,2007,Chinook,British Columbia,BC/WC,Fraser River,2,Composite,DDTs,,5.64,ng/g ww,Fillet,"Mid River Catch, Shuswap River population; back calculated concentration from ng/g lipid concentration using % lipid provided in paper; sum of p,p?-DDT, o,p?-DDT,  p,p?-DDE, o,p?-DDE, p,p?-DDD, o,p?-DDD",,contaminant
Kelly et al.,2011,2003,Chum,British Columbia,BC/WC,Johnstone Strait,12,Individual,DDTs,,0.75,ng/g ww,Fillet,"Sum of p,p'-DDT, o,p'-DDT,  p,p'-DDE, o,p'-DDE, p,p'-DDD, o,p'-DDD",,contaminant
Kelly et al.,2011,2003,Coho,British Columbia,BC/WC,Nootka Sound,10,Individual,DDTs,,4.71,ng/g ww,Fillet,"Sum of p,p'-DDT, o,p'-DDT,  p,p'-DDE, o,p'-DDE, p,p'-DDD, o,p'-DDD",,contaminant
Kelly et al.,2011,2003,Coho,British Columbia,BC/WC,Prince Rupert,12,Individual,DDTs,,1.97,ng/g ww,Fillet,"Sum of p,p'-DDT, o,p'-DDT,  p,p'-DDE, o,p'-DDE, p,p'-DDD, o,p'-DDD",,contaminant
Kelly et al.,2011,2003,Coho,British Columbia,BC/WC,WCVI Troll,13,Individual,DDTs,,5.86,ng/g ww,Fillet,"Sum of p,p'-DDT, o,p'-DDT,  p,p'-DDE, o,p'-DDE, p,p'-DDD, o,p'-DDD",,contaminant
Kelly et al.,2011,2003,Pink,British Columbia,BC/WC,Johnstone Strait,10,Individual,DDTs,,1.15,ng/g ww,Fillet,"Sum of p,p'-DDT, o,p'-DDT,  p,p'-DDE, o,p'-DDE, p,p'-DDD, o,p'-DDD",,contaminant
Kelly et al.,2011,2003,Sockeye,British Columbia,BC/WC,Johnstone Strait,11,Individual,DDTs,,6.18,ng/g ww,Fillet,"Sum of p,p'-DDT, o,p'-DDT,  p,p'-DDE, o,p'-DDE, p,p'-DDD, o,p'-DDD",,contaminant
Kelly et al.,2011b,2007,Sockeye,British Columbia,BC/WC,Fraser River,5,Composite,DDTs,,6.77,ng/g ww,Fillet,"Lower Fraser River, Adams River population; back calculated concentration from ng/g lipid concentration using % lipid provided in paper; sum of p,p?-DDT, o,p?-DDT,  p,p?-DDE, o,p?-DDE, p,p?-DDD, o,p?-DDD",,contaminant
Kelly et al.,2011b,2007,Sockeye,British Columbia,BC/WC,Fraser River,8,Composite,DDTs,,5.7,ng/g ww,Fillet,"Lower Fraser River, Weaver Creek population; back calculated concentration from ng/g lipid concentration using % lipid provided in paper; sum of p,p?-DDT, o,p?-DDT,  p,p?-DDE, o,p?-DDE, p,p?-DDD, o,p?-DDD",,contaminant
Kelly et al.,2011b,2007,Chinook,British Columbia,BC/WC,Fraser River,4,Composite,PBDEs,,1.55,ng/g ww,Fillet,"Lower Fraser River, Thompson River population; back calculated concentration from ng/g lipid concentration using % lipid provided in paper; sum of 48 congeners: 2-BDE-1, 3-BDE-2, 4-BDE-3, 26-BDE-10, 24-BDE-7, 24'/33'-BDE-8/11, 34-BDE-12, 34'-BDE-13, 44'-BDE-15, 246-BDE-30, 24'6-BDE-32, 22'4-BDE-17, 23'4-BDE-25, 244'/2'34-BDE-28/33, 33'4-BDE-35, 344'-BDE-37, 244'6-BDE-75, 22'45'-BDE-49, 23'4'6-BDE-71, 22'44'-BDE-47, 23'44'-BDE-66, 33'44'-BDE-77, 22'44'6-BDE-100, 23'44'6-BDE-119, 22'44'5-BDE-99, 23456-BDE-116, 22'44'5-BDE-85, 233'44'-BDE-105#, 33'44'5-BDE-126, 22'44'66'-BDE-155,22'44'56'-BDE-154, 22'44'55'-BDE-153, 22'344'6'-BDE-140, 22'344'5'/2344'56-BDE-138/166, 22'344'5'6-BDE-183, 22'344'56-BDE-181, 256/22'6-BDE-190/171, 22'455'-BDE-101, 23'44'5-BDE-118, 22'33'455'66'-BDE-208, 22'33'44'566'-BDE-207, 22'33'44'55'6-BDE-206,22'344'6-BDE-139, (33'44')25/55'-BDE-156/169, 22'344'66'-BDE-184, 233'44'5'6-BDE-191, 22'344'55'-BDE-180, 22'33'44'55'66'-BDE-209",,contaminant
Lockhart et al.,2005,1970s-2000s,Chinook,Canada,NA,Northern Lakes/Rivers,1,Individual,Hg_Total,,0.09,mg/kg ww,Fillet,,,contaminant
Lockhart et al.,2005,1970s-2000s,Chum,Canada,NA,Northern Lakes/Rivers,8,Individual,Hg_Total,,0.067,mg/kg ww,Fillet,,,contaminant
NOAA,2016,"Various, from studies published 1998-2010",Chinook,Alaska,Bering Sea,Aleutian Islands,3,Varies by study,PCBs,,5,ng/g ww,Fillet+Skin,from Shaw et al. (2008),,contaminant
NOAA,2016,"Various, from studies published 1998-2010",Chinook,British Columbia,BC/WC,BC North Coast,30,Varies by study,PCBs,,7.3,ng/g ww,Whole Body,Skeena Population from O'Neill et al (2006),,contaminant
NOAA,2016,"Various, from studies published 1998-2010",Chinook,Alaska,NA,unknown,2,Varies by study,PCBs,,5.6,ng/g ww,Fillet,from Hayward et al. (2010),,contaminant
NOAA,2016,"Various, from studies published 1998-2010",Chinook,British Columbia,BC/WC,Fraser River,7,Varies by study,PCBs,,8.6,ng/g ww,Fillet,Thompson Population from Veldhoen et al. (2010),,contaminant
NOAA,2016,"Various, from studies published 1998-2010",Chinook,British Columbia,BC/WC,Fraser River,6,Varies by study,PCBs,,9.1,ng/g ww,Fillet,Thompson Population from Cullon et al. (2009),,contaminant
NOAA,2016,"Various, from studies published 1998-2010",Chinook,Alaska,Central AK,South Central,10,Varies by study,PCBs,,9.1,ng/g ww,Fillet,River population from Rice and Moles (2006),,contaminant
NOAA,2016,"Various, from studies published 1998-2010",Chinook,British Columbia,BC/WC,Fraser River,2,Varies by study,PCBs,,9.8,ng/g ww,Fillet,Shuswap population from Veldhoen et al. (2010),,contaminant
NOAA,2016,"Various, from studies published 1998-2010",Sockeye,British Columbia,BC/WC,West Coast VI,2,Varies by study,PCBs,,1.5,ng/g ww,Fillet,Great Central Lake from (deBruyn et al. (2004)),,contaminant
NOAA,2016,"Various, from studies published 1998-2010",Sockeye,British Columbia,BC/WC,West Coast VI,3,Varies by study,PCBs,,1.6,ng/g ww,Fillet,Great Central Lake from (deBruyn et al. (2004)),,contaminant
NOAA,2016,"Various, from studies published 1998-2010",Sockeye,British Columbia,BC/WC,West Coast VI,6,Varies by study,PCBs,,1.7,ng/g ww,Fillet,Great Central Lake from (Kelly et al. (2007)),,contaminant
NOAA,2016,"Various, from studies published 1998-2010",Coho,Alaska,NA,unknown,2,Varies by study,PCBs,,1.6,ng/g ww,Fillet,from Hayward et al (2009),,contaminant
NOAA,2016,"Various, from studies published 1998-2010",Sockeye,British Columbia,BC/WC,West Coast VI,3,Varies by study,PCBs,,2.4,ng/g ww,Fillet,Great Central Lake from (deBruyn et al. (2004)),,contaminant
NOAA,2016,"Various, from studies published 1998-2010",Sockeye,British Columbia,BC/WC,Fraser River,2,Varies by study,PCBs,,3.6,ng/g ww,Fillet,Population: Weaver Creek from (Kelly et al. (2007)),,contaminant
NOAA,2016,"Various, from studies published 1998-2010",Sockeye,British Columbia,BC/WC,Fraser River,5,Varies by study,PCBs,,3.9,ng/g ww,Fillet,Population: Early Stuart from (Kelly et al. (2007)),,contaminant
NOAA,2016,"Various, from studies published 1998-2010",Sockeye,British Columbia,BC/WC,Fraser River,1,Varies by study,PCBs,,4,ng/g ww,Fillet,Population: Weaver Creek from (Kelly et al. (2007)),,contaminant
NOAA,2016,"Various, from studies published 1998-2010",Sockeye,British Columbia,BC/WC,Fraser River,2,Varies by study,PCBs,,5.3,ng/g ww,Fillet,Population:Weaver Creek from (Kelly et al. (2007)),,contaminant
NOAA,2016,"Various, from studies published 1998-2010",Sockeye,British Columbia,BC/WC,Fraser River,3,Varies by study,PCBs,,6.8,ng/g ww,Fillet,Population; Weaver Creek from (Kelly et al. (2007)),,contaminant
NOAA,2016,"Various, from studies published 1998-2010",Sockeye,British Columbia,BC/WC,Fraser River,8,Varies by study,PCBs,,6.8,ng/g ww,Fillet,Population: Weaver Creek from (Veldhoen et al (2010)),,contaminant
NOAA,2016,"Various, from studies published 1998-2010",Sockeye,British Columbia,BC/WC,Fraser River,6,Varies by study,PCBs,,6.9,ng/g ww,Fillet,Population: Early Stuart from (Kelly et al. (2007)),,contaminant
NOAA,2016,"Various, from studies published 1998-2010",Sockeye,British Columbia,BC/WC,Fraser River,5,Varies by study,PCBs,,7.7,ng/g ww,Fillet,Population: Adams from (Veldhoen et al (2010)),,contaminant
NOAA,2016,"Various, from studies published 1998-2010",Chinook,Oregon,BC/WC,Columbia River,3,Varies by study,PCBs,,10,ng/g ww,Fillet,Clackamas River from (Stone (2006)),,contaminant
NOAA,2016,"Various, from studies published 1998-2010",Sockeye,Alaska,NA,unknown,2,Varies by study,PCBs,,3.6,ng/g ww,Fillet,from Hayward et al. (2007),,contaminant
NOAA,2016,"Various, from studies published 1998-2010",Chinook,Oregon,BC/WC,Columbia River,3,Varies by study,PCBs,,13,ng/g ww,Fillet+Skin,Clackamas River from (Stone (2006)),,contaminant
NOAA,2016,"Various, from studies published 1998-2010",Chinook,Oregon,BC/WC,Columbia River,4,Varies by study,PCBs,,15,ng/g ww,Whole Body,Fall chinook from (Stone (2006)),,contaminant
NOAA,2016,"Various, from studies published 1998-2010",Chinook,Washington,BC/WC,WA Coast,10,Varies by study,PCBs,,16,ng/g ww,Fillet,Population: Quinault from (Missildine et all (2005)),,contaminant
NOAA,2016,"Various, from studies published 1998-2010",Chinook,Oregon,BC/WC,Columbia River,17,Varies by study,PCBs,,18,ng/g ww,Whole Body,from O'Neill et all (2006),,contaminant
NOAA,2016,"Various, from studies published 1998-2010",Chinook,Washington,BC/WC,WA Coast,10,Varies by study,PCBs,,19,ng/g ww,Fillet,Population: Makah from (Missildine et all (2005)),,contaminant
NOAA,2016,"Various, from studies published 1998-2010",Chinook,Washington,BC/WC,Puget Sound,3,Varies by study,PCBs,,35,ng/g ww,Whole Body,Duwamish River from Cullon et al. (2009),,contaminant
NOAA,2016,"Various, from studies published 1998-2010",Chinook,Oregon,BC/WC,Columbia River,20,Varies by study,PCBs,,33,ng/g ww,Whole Body,from O'Neill et all (2006),,contaminant
NOAA,2016,"Various, from studies published 1998-2010",Chinook,Washington,BC/WC,Puget Sound,10,Varies by study,PCBs,,49,ng/g ww,Fillet,Deschutes River from Missildine et al. (2005),,contaminant
NOAA,2016,"Various, from studies published 1998-2010",Chinook,Oregon,BC/WC,Columbia River,15,Varies by study,PCBs,,37,ng/g ww,Fillet+Skin,mixed fall chinook from EPA 2002,,contaminant
NOAA,2016,"Various, from studies published 1998-2010",Chinook,Washington,BC/WC,Puget Sound,10,Varies by study,PCBs,,49,ng/g ww,Fillet,Issaquah Creek from Missildine et al. (2005),,contaminant
NOAA,2016,"Various, from studies published 1998-2010",Chinook,Oregon,BC/WC,Columbia River,24,Varies by study,PCBS,,38,ng/g ww,Fillet+Skin,mixed spring chinook from EPA 2002,,contaminant
NOAA,2016,"Various, from studies published 1998-2010",Sockeye,Alaska,Bering Sea,Gulf of Alaska/ Bering Sea,97,Varies by study,PCBs,,37,ng/g ww,Fillet,population: Copper River from (Ewald et al. (1998)),,contaminant
NOAA,2016,"Various, from studies published 1998-2010",Coho,Oregon,BC/WC,Columbia River,3,Varies by study,PCBs,,35,ng/g ww,Fillet+Skin,Population: Umatilla River from (EPA 2002),,contaminant
NOAA,2016,"Various, from studies published 1998-2010",Chinook,Washington,BC/WC,Puget Sound,34,Varies by study,PCBs,,91,ng/g ww,Whole Body,Population: Pudget Sound Mixed from (O'Neill et al (2006)),,contaminant
NOAA,2016,"Various, from studies published 1998-2010",Coho,Washington,BC/WC,Puget Sound,125,Varies by study,PCBs,,27,ng/g ww,Fillet,Population: Pudget sound mixed from (O'Neill et al (1998)),,contaminant
NOAA,2016,"Various, from studies published 1998-2010",Coho,Washington,BC/WC,Puget Sound,32,Varies by study,PCBs,,35,ng/g ww,Fillet,from O'Neill et al (1998),,contaminant
NOAA,2016,"Various, from studies published 1998-2010",Sockeye,Alaska,Bering Sea,Aleutian Islands,13,Varies by study,PCBs,,130,ng/g ww,Fillet,from Hardell et al. (2010),,contaminant
NOAA,2016,"Various, from studies published 1998-2010",Chinook,Washington,BC/WC,Pudget Sound,34,Varies by study,DDTs,,16.4,ng/g ww,Whole Body,Population: Pudget Sound Mixed from (O'Neill et al (2006)),,contaminant
NOAA,2016,"Various, from studies published 1998-2010",Chinook,Oregon,BC/WC,Columbia River,17,Varies by study,DDTs,,19.9,ng/g ww,Whole Body,from O'Neill et all (2006),,contaminant
NOAA,2016,"Various, from studies published 1998-2010",Chinook,Oregon,BC/WC,Columbia River,20,Varies by study,DDTs,,34.8,ng/g ww,Whole Body,from O'Neill et all (2006),,contaminant
NOAA,2016,"Various, from studies published 1998-2010",Chinook,Oregon,BC/WC,Columbia River,15,Varies by study,DDTs,,21,ng/g ww,Fillet+Skin,mixed fall chinook from EPA 2002,,contaminant
NOAA,2016,"Various, from studies published 1998-2010",Chinook,Oregon,BC/WC,Columbia River,24,Varies by study,DDTs,,22,ng/g ww,Fillet+Skin,mixed spring chinook from EPA 2002,,contaminant
NOAA,2016,"Various, from studies published 1998-2010",Sockeye,Alaska,Bering Sea,Aleutian Islands,13,Varies by study,DDTs,,6.9,ng/g ww,Fillet,from Hardell et al. (2010),,contaminant
NOAA,2016,"Various, from studies published 1998-2010",Sockeye,Alaska,Bering Sea,Gulf of Alaska/ Bering Sea,97,Varies by study,DDTs,,12.2,ng/g ww,Fillet,population: Copper River from (Ewald et al. (1998)),,contaminant
NOAA,2016,"Various, from studies published 1998-2010",Chinook,Washington,BC/WC,Puget Sound,3,Varies by study,DDTs,,18.3,ng/g ww,Whole Body,Duwamish River from Cullon et al. (2009),,contaminant
NOAA,2016,"Various, from studies published 1998-2010",Coho,Oregon,BC/WC,Columbia River,3,Varies by study,DDTs,,41,ng/g ww,Fillet+Skin,from EPA 2002,,contaminant
NOAA,2016,"Various, from studies published 1998-2010",Chinook,Alaska,Bering Sea,Aleutian Islands,3,Varies by study,DDTs,,22,ng/g ww,Fillet+Skin,from Shaw et al. (2008),,contaminant
NOAA,2016,"Various, from studies published 1998-2010",Chinook,British Columbia,BC/WC,BC North Coast,30,Varies by study,DDTs,,7.3,ng/g ww,Whole Body,Skeena Population from O'Neill et al (2006),,contaminant
NOAA,2016,"Various, from studies published 1998-2010",Chinook,British Columbia,BC/WC,Fraser River,6,Varies by study,DDTs,,1.5,ng/g ww,Fillet,Thompson Population from Cullon et al. (2009),,contaminant
NOAA,2016,"Various, from studies published 1998-2010",Chinook,British Columbia,BC/WC,Fraser River,7,Varies by study,DDTs,,7.7,ng/g ww,Fillet,Thompson Population from Veldhoen et al. (2010),,contaminant
NOAA,2016,"Various, from studies published 1998-2010",Chinook,British Columbia,BC/WC,Fraser River,2,Varies by study,DDTs,,5.5,ng/g ww,Fillet,Shuswap population from Veldhoen et al. (2010),,contaminant
NOAA,2016,"Various, from studies published 1998-2010",Chinook,British Columbia,BC/WC,Fraser River,6,Varies by study,DDTs,,4.3,ng/g ww,Fillet,Harrison Population from Cullon et al. (2009),,contaminant
NOAA,2016,"Various, from studies published 1998-2010",Chinook,Washington,BC/WC,Puget Sound,36,Varies by study,DDTs,,29.1,ng/g ww,Whole Body,Puget sound mixed from O'Neill et al. (2006),,contaminant
NOAA,2016,"Various, from studies published 1998-2010",Coho,Washington,BC/WC,Pudget Sound,266,Varies by study,DDTs,,11.7,ng/g ww,Fillet,Population: Pudget sound mixed from (O'Neill et al (1998)),,contaminant
NOAA,2016,"Various, from studies published 1998-2010",Chinook,Alaska,NA,NA,2,Varies by study,PBDEs,,0.95,ng/g ww,Fillet,from Hayward et al. (2010); specific combination of PBDEs varies by study,,contaminant
NOAA,2016,"Various, from studies published 1998-2010",Chinook,Alaska,Bering Sea,Aleutian Islands,3,Varies by study,PBDEs,,0.71,ng/g ww,Fillet+Skin,from Shaw et al. (2008); specific combination of PBDEs varies by study,,contaminant
NOAA,2016,"Various, from studies published 1998-2010",Chinook,British Columbia,BC/WC,BC North Coast,30,Varies by study,PBDEs,,0.08,ng/g ww,Whole Body,Skeena Population from O'Neill et al (2006); specific combination of PBDEs varies by study,,contaminant
NOAA,2016,"Various, from studies published 1998-2010",Chinook,British Columbia,BC/WC,Fraser River,7,Varies by study,PBDEs,,1.54,ng/g ww,Fillet,Thompson Population from Veldhoen et al. (2010); specific combination of PBDEs varies by study,,contaminant
NOAA,2016,"Various, from studies published 1998-2010",Chinook,British Columbia,BC/WC,Fraser River,6,Varies by study,PBDEs,,17.7,ng/g ww,Fillet,Harrison Population from Cullon et al. (2009); specific combination of PBDEs varies by study,,contaminant
NOAA,2016,"Various, from studies published 1998-2010",Chinook,Oregon,BC/WC,Columbia River,17,Varies by study,PBDEs,,3.69,ng/g ww,Whole Body,from O'Neill et all (2006); specific combination of PBDEs varies by study,,contaminant
NOAA,2016,"Various, from studies published 1998-2010",Chinook,Oregon,BC/WC,Columbia River,20,Varies by study,PBDEs,,9.77,ng/g ww,Whole Body,from O'Neill et all (2006); specific combination of PBDEs varies by study,,contaminant
NOAA,2016,"Various, from studies published 1998-2010",Chinook,Oregon,BC/WC,Columbia River,4,Varies by study,PBDEs,,2.3,ng/g ww,Whole Body,Fall chinook from (Stone (2006)); specific combination of PBDEs varies by study,,contaminant
NOAA,2016,"Various, from studies published 1998-2010",Chinook,Oregon,BC/WC,Columbia River,3,Varies by study,PBDEs,,1.8,ng/g ww,Fillet+Skin,Clackamas River from (Stone (2006)); specific combination of PBDEs varies by study,,contaminant
NOAA,2016,"Various, from studies published 1998-2010",Chinook,Oregon,BC/WC,Columbia River,3,Varies by study,PBDEs,,1.5,ng/g ww,Fillet,Clackamas River from (Stone (2006)); specific combination of PBDEs varies by study,,contaminant
NOAA,2016,"Various, from studies published 1998-2010",Chinook,Washington,BC/WC,Pudget Sound,34,Varies by study,PBDEs,,42.2,ng/g ww,Whole Body,Population: Pudget Sound Mixed from (O'Neill et al (2006)); specific combination of PBDEs varies by study,,contaminant
NOAA,2016,"Various, from studies published 1998-2010",Chinook,Washington,BC/WC,Puget Sound,3,Varies by study,PBDEs,,6.43,ng/g ww,Whole Body,Duwamish River from Cullon et al. (2009); specific combination of PBDEs varies by study,,contaminant
NOAA,2016,"Various, from studies published 1998-2010",Chinook,Washington,BC/WC,Puget Sound,36,Varies by study,PBDEs,,18.9,ng/g ww,Whole Body,Puget sound mixed from O'Neill et al. (2006); specific combination of PBDEs varies by study,,contaminant
NOAA,2016,"Various, from studies published 1998-2010",Coho,Alaska,NA,NA,2,Varies by study,PBDEs,,0.32,ng/g ww,Fillet,from Hayward et al (2009); specific combination of PBDEs varies by study,,contaminant
NOAA,2016,"Various, from studies published 1998-2010",Sockeye,Alaska,NA,NA,2,Varies by study,PBDEs,,0.21,ng/g ww,Fillet,from Hayward et al. (2007); specific combination of PBDEs varies by study,,contaminant
NOAA,2016,"Various, from studies published 1998-2011",Chinook,Washington,BC/WC,Puget Sound,28,Varies by study,PCBs,,37,ng/g ww,Fillet,from O'Neill and West (2009),,contaminant
NOAA,2016,"Various, from studies published 1998-2012",Chinook,Washington,BC/WC,Puget Sound,29,Varies by study,PCBs,,40,ng/g ww,Fillet,from O'Neill and West (2009),,contaminant
NOAA,2016,"Various, from studies published 1998-2013",Chinook,Washington,BC/WC,Puget Sound,65,Varies by study,PCBs,,56,ng/g ww,Fillet,from O'Neill and West (2009),,contaminant
NOAA,2016,"Various, from studies published 1998-2014",Chinook,Washington,BC/WC,Puget Sound,20,Varies by study,PCBs,,41,ng/g ww,Fillet,from O'Neill and West (2009),,contaminant
NOAA,2016,"Various, from studies published 1998-2015",Chinook,Washington,BC/WC,Puget Sound,34,Varies by study,PCBs,,59,ng/g ww,Fillet,from O'Neill and West (2009),,contaminant
NOAA,2016,"Various, from studies published 1998-2016",Chinook,Washington,BC/WC,Puget Sound,28,Varies by study,PCBs,,76,ng/g ww,Fillet,from O'Neill and West (2009),,contaminant
San Francisco Estuary Institute,2007,2006,Chinook,California,BC/WC,Sacramento River,1,Individual,Hg_Total,,0.094,mg/kg ww,Fillet,,,contaminant
San Francisco Estuary Institute,2007,2006,Chinook,California,BC/WC,Shasta Lake,10,Individual,Hg_Total,,0.3,mg/kg ww,Fillet,,,contaminant
US EPA,1998,1996-1998,Chinook,Washington,BC/WC,Klickitat River,3,Composite,Hg_Total,,0.51,mg/kg ww,Fillet+Skin,,,contaminant
US EPA,1998,1996-1998,Chinook,Washington,BC/WC,Columbia River Basin,15,Composite,Hg_Total,,0.084,mg/kg ww,Fillet+Skin,,,contaminant
US EPA,1998,1996-1998,Chinook,Washington,BC/WC,Columbia River Basin,15,Composite,Hg_Total,,0.077,mg/kg ww,Whole Body,,,contaminant
US EPA,1998,1996-1998,Chinook,Washington,BC/WC,Columbia River Basin,24,Composite,Hg_Total,,0.1,mg/kg ww,Fillet+Skin,,,contaminant
US EPA,1998,1996-1998,Chinook,Washington,BC/WC,Columbia River Basin,24,Composite,Hg_Total,,0.064,mg/kg ww,Whole Body,,,contaminant
US EPA,1998,1996-1998,Coho,Washington,BC/WC,Columbia River Basin,3,Composite,Hg_Total,,0.12,mg/kg ww,Fillet+Skin,,,contaminant
US EPA,1998,1996-1998,Coho,Washington,BC/WC,Columbia River Basin,3,Composite,Hg_Total,,0.1,mg/kg ww,Whole Body,,,contaminant
US EPA,2011,NA,Chinook,Washington,BC/WC,NA,116,Individual,Hg_Total,,0.09,mg/kg ww,Fillet,Tissue unspecified; assume fillet concentration is the concentration reported,,contaminant
US EPA,2011,NA,Coho,Washington,BC/WC,NA,167,Individual,Hg_Total,,0.046,mg/kg ww,Fillet,Tissue unspecified; assume fillet concentration is the concentration reported,,contaminant
US EPA,1998,1996-1998,Coho,Washington,BC/WC,Columbia River Basin,3,Composite,PCBs,,38,ug/kg ww,Whole Body,"Aroclor 1016, 1221, 1232, 1242, 1248, 1254, 1260",,contaminant
US EPA,1998,1996-1998,Chinook,Washington,BC/WC,Columbia River Basin,15,Composite,PCBs,,40,ug/kg ww,Whole Body,"Aroclor 1016, 1221, 1232, 1242, 1248, 1254, 1260",,contaminant
US EPA,1998,1996-1998,Chinook,Washington,BC/WC,Columbia River Basin,24,Composite,PCBs,,40,ug/kg ww,Whole Body,"Aroclor 1016, 1221, 1232, 1242, 1248, 1254, 1260",,contaminant
US EPA,1998,1996-1998,Coho,Washington,BC/WC,Columbia River Basin,3,Composite,DDTs,,42,ng/g ww,Whole Body,"Sum of p,p'-DDT, o,p'-DDT,  p,p'-DDE, o,p'-DDE, p,p'-DDD, o,p'-DDD",,contaminant
US EPA,1998,1996-1998,Chinook,Washington,BC/WC,Columbia River Basin,24,Composite,DDTs,,27,ng/g ww,Whole Body,"Sum of p,p'-DDT, o,p'-DDT,  p,p'-DDE, o,p'-DDE, p,p'-DDD, o,p'-DDD",,contaminant
US EPA,1998,1996-1998,Chinook,Washington,BC/WC,Columbia River Basin,15,Composite,DDTs,,25,ng/g ww,Whole Body,"Sum of p,p'-DDT, o,p'-DDT,  p,p'-DDE, o,p'-DDE, p,p'-DDD, o,p'-DDD",,contaminant
US FDA,2011,1992-1993,Chum,USA,NA,Store-bought,9,Individual,Hg_Methyl,,0.02,mg/kg ww,Fillet,,,contaminant
US FDA,2011,1991-1992,Coho,USA,NA,Store-bought,3,Individual,Hg_Methyl,,0.063,mg/kg ww,Fillet,,,contaminant
US FDA,2011,1992-1993,Pink,USA,NA,Store-bought,6,Individual,Hg_Methyl,,0.005,mg/kg ww,Fillet,,,contaminant
US FDA,2011,1993,Sockeye,USA,NA,Store-bought,1,Individual,Hg_Methyl,,0.005,mg/kg ww,Fillet,,,contaminant
WA Dept of Fish and Wildlife,2001,1989-1999,Chinook,Washington,BC/WC,Puget Sound,106,Individual,Hg_Total,,0.093,mg/kg ww,Fillet,,,contaminant
WA Dept of Fish and Wildlife,2001,1989-1999,Coho,Washington,BC/WC,Puget Sound,108,Individual,Hg_Total,,0.049,mg/kg ww,Fillet,,,contaminant
West et al.,2001,1990-1998,Coho,Washington,BC/WC,Puget Sound,47,Composite,PCBs,,19.3,ng/g ww,Fillet,"Aroclor 1016, 1221, 1232, 1242, 1248, 1254, 1260 and 15 congeners",,contaminant
West et al.,2001,1990-1998,Chinook,Washington,BC/WC,Pudget Sound,228,Composite,DDTs,,21.4,ng/g ww,Fillet,"Sum of p,p'-DDT, o,p'-DDT,  p,p'-DDE, o,p'-DDE, p,p'-DDD, o,p'-DDD",,contaminant
Zhang et al.,2001,1999,Chinook,Alaska,Bering Sea,Kuskokwim,6,Individual,Hg_Total,,0.096,mg/kg ww,Fillet,,,contaminant
Zhang et al.,2001,1999,Chinook,Alaska,Bering Sea,Nushagak,6,Individual,Hg_Total,,0.092,mg/kg ww,Fillet,,,contaminant
Zhang et al.,2001,1999,Chinook,Alaska,Bering Sea,Yukon River,6,Individual,Hg_Total,,0.05,mg/kg ww,Fillet,,,contaminant
Zhang et al.,2001,2000,Chinook,Alaska,Bering Sea,Kuskokwim,6,Individual,Hg_Total,,0.08,mg/kg ww,Fillet,,,contaminant
Zhang et al.,2001,2000,Chinook,Alaska,Bering Sea,Nushagak,6,Individual,Hg_Total,,0.06,mg/kg ww,Fillet,,,contaminant
Zhang et al.,2001,2000,Chinook,Alaska,Bering Sea,Yukon River,6,Individual,Hg_Total,,0.07,mg/kg ww,Fillet,,,contaminant
Zhang et al.,2001,1999,Chum,Alaska,Bering Sea,Kuskokwim,6,Individual,Hg_Total,,0.058,mg/kg ww,Fillet,,,contaminant
Zhang et al.,2001,1999,Chum,Alaska,Bering Sea,Nushagak,6,Individual,Hg_Total,,0.072,mg/kg ww,Fillet,,,contaminant
Zhang et al.,2001,1999,Chum,Alaska,Bering Sea,Yukon River,6,Individual,Hg_Total,,0.068,mg/kg ww,Fillet,,,contaminant
Zhang et al.,2001,2000,Chum,Alaska,Bering Sea,Kuskokwim,6,Individual,Hg_Total,,0.074,mg/kg ww,Fillet,,,contaminant
Zhang et al.,2001,2000,Chum,Alaska,Bering Sea,Nushagak,6,Individual,Hg_Total,,0.073,mg/kg ww,Fillet,,,contaminant
Zhang et al.,2001,2000,Chum,Alaska,Bering Sea,Yukon River,6,Individual,Hg_Total,,0.084,mg/kg ww,Fillet,,,contaminant
Zhang et al.,2001,1999,Coho,Alaska,Bering Sea,Kuskokwim,6,Individual,Hg_Total,,0.049,mg/kg ww,Fillet,,,contaminant
Zhang et al.,2001,1999,Coho,Alaska,Bering Sea,Kvichak,5,Individual,Hg_Total,,0.047,mg/kg ww,Fillet,,,contaminant
Zhang et al.,2001,1999,Coho,Alaska,Bering Sea,Yukon River,6,Individual,Hg_Total,,0.044,mg/kg ww,Fillet,,,contaminant
Zhang et al.,2001,2000,Coho,Alaska,Bering Sea,Kuskokwim,6,Individual,Hg_Total,,0.057,mg/kg ww,Fillet,,,contaminant
Zhang et al.,2001,2000,Coho,Alaska,Bering Sea,Nushagak,6,Individual,Hg_Total,,0.059,mg/kg ww,Fillet,,,contaminant
Zhang et al.,2001,2000,Coho,Alaska,Bering Sea,Yukon River,6,Individual,Hg_Total,,0.058,mg/kg ww,Fillet,,,contaminant
Zhang et al.,2001,1999,Sockeye,Alaska,Bering Sea,Kuskokwim,6,Individual,Hg_Total,,0.034,mg/kg ww,Fillet,,,contaminant
Zhang et al.,2001,1999,Sockeye,Alaska,Bering Sea,Nushagak,6,Individual,Hg_Total,,0.038,mg/kg ww,Fillet,,,contaminant
Zhang et al.,2001,2000,Sockeye,Alaska,Bering Sea,Kuskokwim,6,Individual,Hg_Total,,0.051,mg/kg ww,Fillet,,,contaminant
Zhang et al.,2001,2000,Sockeye,Alaska,Bering Sea,Kvichak,6,Individual,Hg_Total,,0.058,mg/kg ww,Fillet,,,contaminant
Zhang et al.,2001,2000,Sockeye,Alaska,Bering Sea,Nushagak,6,Individual,Hg_Total,,0.061,mg/kg ww,Fillet,,,contaminant
AK Dept of Environmental Conservation,2019,2001-2018,Chinook,Alaska,NA,NA,77,Individual,PBDEs,,0.4,ug/kg ww,Fillet,Concentrations are arithmetic means,,contaminant
AK Dept of Environmental Conservation,2019,2001-2018,Chinook,Alaska,NA,NA,15,Individual,PBDEs,,0.4,ug/kg ww,Whole Body,Concentrations are arithmetic means,,contaminant
AK Dept of Environmental Conservation,2019,2001-2018,Chum,Alaska,NA,NA,50,Individual,PBDEs,,0.18,ug/kg ww,Fillet,Concentrations are arithmetic means,,contaminant
AK Dept of Environmental Conservation,2019,2001-2018,Chum,Alaska,NA,NA,2,Individual,PBDEs,,0.32,ug/kg ww,Whole Body,Concentrations are arithmetic means,,contaminant
AK Dept of Environmental Conservation,2019,2001-2018,Coho,Alaska,NA,NA,113,Individual,PBDEs,,0.18,ug/kg ww,Fillet,Concentrations are arithmetic means,,contaminant
AK Dept of Environmental Conservation,2019,2001-2018,Coho,Alaska,NA,NA,58,Individual,PBDEs,,0.27,ug/kg ww,Whole Body,Concentrations are arithmetic means,,contaminant
AK Dept of Environmental Conservation,2019,2001-2018,Pink,Alaska,NA,NA,24,Individual,PBDEs,,0.27,ug/kg ww,Fillet,Concentrations are arithmetic means,,contaminant
AK Dept of Environmental Conservation,2019,2001-2018,Sockeye,Alaska,NA,NA,68,Individual,PBDEs,,0.3,ug/kg ww,Fillet,Concentrations are arithmetic means,,contaminant
AK Dept of Environmental Conservation,2019,2001-2018,Sockeye,Alaska,NA,NA,20,Individual,PBDEs,,0.73,ug/kg ww,Whole Body,Concentrations are arithmetic means,,contaminant
AK Dept of Environmental Conservation,2019,2001-2018,Sockeye,Alaska,NA,NA,7,Composite,PBDEs,,0.75,ug/kg ww,Whole Body,Concentrations are arithmetic means,,contaminant
AK Dept of Environmental Conservation,2019,2001-2018,Chinook,Alaska,NA,NA,70,Individual,DDTs,,8.51,ug/kg ww,Fillet,Concentrations are arithmetic means,,contaminant
AK Dept of Environmental Conservation,2019,2001-2018,Chinook,Alaska,NA,NA,15,Individual,DDTs,,14.53,ug/kg ww,Whole Body,Concentrations are arithmetic means,,contaminant
AK Dept of Environmental Conservation,2019,2001-2018,Chum,Alaska,NA,NA,23,Individual,DDTs,,1.63,ug/kg ww,Fillet,Concentrations are arithmetic means,,contaminant
AK Dept of Environmental Conservation,2019,2001-2018,Coho,Alaska,NA,NA,81,Individual,DDTs,,0.96,ug/kg ww,Fillet,Concentrations are arithmetic means,,contaminant
AK Dept of Environmental Conservation,2019,2001-2018,Coho,Alaska,NA,NA,54,Individual,DDTs,,2.63,ug/kg ww,Whole Body,Concentrations are arithmetic means,,contaminant
AK Dept of Environmental Conservation,2019,2001-2018,Pink,Alaska,NA,NA,11,Individual,DDTs,,0.64,ug/kg ww,Fillet,Concentrations are arithmetic means,,contaminant
AK Dept of Environmental Conservation,2019,2001-2018,Sockeye,Alaska,NA,NA,6,Composite,DDTs,,8.94,ug/kg ww,Whole Body,Concentrations are arithmetic means,,contaminant
AK Dept of Environmental Conservation,2019,2001-2018,Sockeye,Alaska,NA,NA,45,Individual,DDTs,,6.94,ug/kg ww,Fillet,Concentrations are arithmetic means,,contaminant
AK Dept of Environmental Conservation,2019,2001-2018,Sockeye,Alaska,NA,NA,16,Individual,DDTs,,5.17,ug/kg ww,Whole Body,Concentrations are arithmetic means,,contaminant
AK Dept of Environmental Conservation,2021,2001-2020,Chum,Alaska,NA,NA,282,Individual,Hg_Total,,0.041,mg/kg ww,Fillet,Concentrations are arithmetic means,,contaminant
AK Dept of Environmental Conservation,2021,2001-2020,Chum,Alaska,NA,NA,2,Individual,Hg_Total,,0.01,mg/kg ww,Whole Body,Concentrations are arithmetic means,,contaminant
AK Dept of Environmental Conservation,2021,2001-2020,Coho,Alaska,NA,NA,326,Individual,Hg_Total,,0.042,mg/kg ww,Fillet,Concentrations are arithmetic means,,contaminant
AK Dept of Environmental Conservation,2021,2001-2020,Coho,Alaska,NA,NA,64,Individual,Hg_Total,,0.034,mg/kg ww,Whole Body,Concentrations are arithmetic means,,contaminant
AK Dept of Environmental Conservation,2021,2001-2020,Coho,Alaska,NA,NA,2,Composite,Hg_Total,,0.023,mg/kg ww,Whole Body,Concentrations are arithmetic means,,contaminant
AK Dept of Environmental Conservation,2021,2001-2020,Chinook,Alaska,NA,NA,243,Individual,Hg_Total,,0.063,mg/kg ww,Fillet,Concentrations are arithmetic means,,contaminant
AK Dept of Environmental Conservation,2021,2001-2020,Chinook,Alaska,NA,NA,21,Individual,Hg_Total,,0.045,mg/kg ww,Whole Body,Concentrations are arithmetic means,,contaminant
AK Dept of Environmental Conservation,2021,2001-2020,Pink,Alaska,NA,NA,185,Individual,Hg_Total,,0.01,mg/kg ww,Fillet,Concentrations are arithmetic means,,contaminant
AK Dept of Environmental Conservation,2021,2001-2020,Sockeye,Alaska,NA,NA,290,Individual,Hg_Total,,0.041,mg/kg ww,Fillet,Concentrations are arithmetic means,,contaminant
AK Dept of Environmental Conservation,2021,2001-2020,Sockeye,Alaska,NA,NA,56,Individual,Hg_Total,,0.033,mg/kg ww,Whole Body,Concentrations are arithmetic means,,contaminant
AK Dept of Environmental Conservation,2021,2001-2020,Sockeye,Alaska,NA,NA,1,Composite,Hg_Total,,0.094,mg/kg ww,Whole Body,Concentrations are arithmetic means,,contaminant
