units,year,name,location,species,family,y,time,y_10000
metric_tons_wet,1952,Bering Sea_Pink salmon,BeringSea,Pink,salmon,6305,1,0.6305
metric_tons_wet,1952,Central AK_Pink salmon,CentralAK,Pink,salmon,11264,1,1.1264
metric_tons_wet,1952,SEAK_Pink salmon,SEAK,Pink,salmon,17684,1,1.7684
metric_tons_wet,1952,BCWC_Pink salmon,BCWC,Pink,salmon,7567,1,0.7567
metric_tons_wet,1952,Bering Sea_Chum salmon,BeringSea,Chum,salmon,11955,1,1.1955
metric_tons_wet,1952,Central AK_Chum salmon,CentralAK,Chum,salmon,7367,1,0.7367
metric_tons_wet,1952,SEAK_Chum salmon,SEAK,Chum,salmon,10112,1,1.0112
metric_tons_wet,1952,BCWC_Chum salmon,BCWC,Chum,salmon,16996,1,1.6996
metric_tons_wet,1952,Bering Sea_Sockeye salmon,BeringSea,Sockeye,salmon,30856,1,3.0856
metric_tons_wet,1952,Central AK_Sockeye salmon,CentralAK,Sockeye,salmon,5791,1,0.5791
metric_tons_wet,1952,SEAK_Sockeye salmon,SEAK,Sockeye,salmon,1753,1,0.1753
metric_tons_wet,1952,BCWC_Sockeye salmon,BCWC,Sockeye,salmon,17075,1,1.7075
metric_tons_wet,1953,Bering Sea_Pink salmon,BeringSea,Pink,salmon,432,2,0.0432
metric_tons_wet,1953,Central AK_Pink salmon,CentralAK,Pink,salmon,11407,2,1.1407
metric_tons_wet,1953,SEAK_Pink salmon,SEAK,Pink,salmon,11390,2,1.139
metric_tons_wet,1953,BCWC_Pink salmon,BCWC,Pink,salmon,20909,2,2.0909
metric_tons_wet,1953,Bering Sea_Chum salmon,BeringSea,Chum,salmon,12084,2,1.2084
metric_tons_wet,1953,Central AK_Chum salmon,CentralAK,Chum,salmon,7297,2,0.7297
metric_tons_wet,1953,SEAK_Chum salmon,SEAK,Chum,salmon,9558,2,0.9558
metric_tons_wet,1953,BCWC_Chum salmon,BCWC,Chum,salmon,12294,2,1.2294
metric_tons_wet,1953,Bering Sea_Sockeye salmon,BeringSea,Sockeye,salmon,13265,2,1.3265
metric_tons_wet,1953,Central AK_Sockeye salmon,CentralAK,Sockeye,salmon,4798,2,0.4798
metric_tons_wet,1953,SEAK_Sockeye salmon,SEAK,Sockeye,salmon,1753,2,0.1753
metric_tons_wet,1953,BCWC_Sockeye salmon,BCWC,Sockeye,salmon,15970,2,1.597
metric_tons_wet,1954,Bering Sea_Pink salmon,BeringSea,Pink,salmon,6185,3,0.6185
metric_tons_wet,1954,Central AK_Pink salmon,CentralAK,Pink,salmon,17183,3,1.7183
metric_tons_wet,1954,SEAK_Pink salmon,SEAK,Pink,salmon,16616,3,1.6616
metric_tons_wet,1954,BCWC_Pink salmon,BCWC,Pink,salmon,13661,3,1.3661
metric_tons_wet,1954,Bering Sea_Chum salmon,BeringSea,Chum,salmon,12587,3,1.2587
metric_tons_wet,1954,Central AK_Chum salmon,CentralAK,Chum,salmon,10158,3,1.0158
metric_tons_wet,1954,SEAK_Chum salmon,SEAK,Chum,salmon,10165,3,1.0165
metric_tons_wet,1954,BCWC_Chum salmon,BCWC,Chum,salmon,13681,3,1.3681
metric_tons_wet,1954,Bering Sea_Sockeye salmon,BeringSea,Sockeye,salmon,10672,3,1.0672
metric_tons_wet,1954,Central AK_Sockeye salmon,CentralAK,Sockeye,salmon,6335,3,0.6335
metric_tons_wet,1954,SEAK_Sockeye salmon,SEAK,Sockeye,salmon,1765,3,0.1765
metric_tons_wet,1954,BCWC_Sockeye salmon,BCWC,Sockeye,salmon,23569,3,2.3569
metric_tons_wet,1955,Bering Sea_Pink salmon,BeringSea,Pink,salmon,459,4,0.0459
metric_tons_wet,1955,Central AK_Pink salmon,CentralAK,Pink,salmon,16757,4,1.6757
metric_tons_wet,1955,SEAK_Pink salmon,SEAK,Pink,salmon,17129,4,1.7129
metric_tons_wet,1955,BCWC_Pink salmon,BCWC,Pink,salmon,13356,4,1.3356
metric_tons_wet,1955,Bering Sea_Chum salmon,BeringSea,Chum,salmon,11402,4,1.1402
metric_tons_wet,1955,Central AK_Chum salmon,CentralAK,Chum,salmon,7876,4,0.7876
metric_tons_wet,1955,SEAK_Chum salmon,SEAK,Chum,salmon,6963,4,0.6963
metric_tons_wet,1955,BCWC_Chum salmon,BCWC,Chum,salmon,9511,4,0.9511
metric_tons_wet,1955,Bering Sea_Sockeye salmon,BeringSea,Sockeye,salmon,5186,4,0.5186
metric_tons_wet,1955,Central AK_Sockeye salmon,CentralAK,Sockeye,salmon,5850,4,0.585
metric_tons_wet,1955,SEAK_Sockeye salmon,SEAK,Sockeye,salmon,1737,4,0.1737
metric_tons_wet,1955,BCWC_Sockeye salmon,BCWC,Sockeye,salmon,12147,4,1.2147
metric_tons_wet,1956,Bering Sea_Pink salmon,BeringSea,Pink,salmon,6074,5,0.6074
metric_tons_wet,1956,Central AK_Pink salmon,CentralAK,Pink,salmon,12975,5,1.2975
metric_tons_wet,1956,SEAK_Pink salmon,SEAK,Pink,salmon,22027,5,2.2027
metric_tons_wet,1956,BCWC_Pink salmon,BCWC,Pink,salmon,8076,5,0.8076
metric_tons_wet,1956,Bering Sea_Chum salmon,BeringSea,Chum,salmon,12419,5,1.2419
metric_tons_wet,1956,Central AK_Chum salmon,CentralAK,Chum,salmon,8812,5,0.8812
metric_tons_wet,1956,SEAK_Chum salmon,SEAK,Chum,salmon,8666,5,0.8666
metric_tons_wet,1956,BCWC_Chum salmon,BCWC,Chum,salmon,9823,5,0.9823
metric_tons_wet,1956,Bering Sea_Sockeye salmon,BeringSea,Sockeye,salmon,32452,5,3.2452
metric_tons_wet,1956,Central AK_Sockeye salmon,CentralAK,Sockeye,salmon,6909,5,0.6909
metric_tons_wet,1956,SEAK_Sockeye salmon,SEAK,Sockeye,salmon,1738,5,0.1738
metric_tons_wet,1956,BCWC_Sockeye salmon,BCWC,Sockeye,salmon,13555,5,1.3555
metric_tons_wet,1957,Bering Sea_Pink salmon,BeringSea,Pink,salmon,455,6,0.0455
metric_tons_wet,1957,Central AK_Pink salmon,CentralAK,Pink,salmon,7759,6,0.7759
metric_tons_wet,1957,SEAK_Pink salmon,SEAK,Pink,salmon,14015,6,1.4015
metric_tons_wet,1957,BCWC_Pink salmon,BCWC,Pink,salmon,7934,6,0.7934
metric_tons_wet,1957,Bering Sea_Chum salmon,BeringSea,Chum,salmon,12028,6,1.2028
metric_tons_wet,1957,Central AK_Chum salmon,CentralAK,Chum,salmon,10095,6,1.0095
metric_tons_wet,1957,SEAK_Chum salmon,SEAK,Chum,salmon,9435,6,0.9435
metric_tons_wet,1957,BCWC_Chum salmon,BCWC,Chum,salmon,19067,6,1.9067
metric_tons_wet,1957,Bering Sea_Sockeye salmon,BeringSea,Sockeye,salmon,16613,6,1.6613
metric_tons_wet,1957,Central AK_Sockeye salmon,CentralAK,Sockeye,salmon,6257,6,0.6257
metric_tons_wet,1957,SEAK_Sockeye salmon,SEAK,Sockeye,salmon,1726,6,0.1726
metric_tons_wet,1957,BCWC_Sockeye salmon,BCWC,Sockeye,salmon,7986,6,0.7986
metric_tons_wet,1958,Bering Sea_Pink salmon,BeringSea,Pink,salmon,4424,7,0.4424
metric_tons_wet,1958,Central AK_Pink salmon,CentralAK,Pink,salmon,10918,7,1.0918
metric_tons_wet,1958,SEAK_Pink salmon,SEAK,Pink,salmon,17725,7,1.7725
metric_tons_wet,1958,BCWC_Pink salmon,BCWC,Pink,salmon,7378,7,0.7378
metric_tons_wet,1958,Bering Sea_Chum salmon,BeringSea,Chum,salmon,12160,7,1.216
metric_tons_wet,1958,Central AK_Chum salmon,CentralAK,Chum,salmon,7889,7,0.7889
metric_tons_wet,1958,SEAK_Chum salmon,SEAK,Chum,salmon,8766,7,0.8766
metric_tons_wet,1958,BCWC_Chum salmon,BCWC,Chum,salmon,15545,7,1.5545
metric_tons_wet,1958,Bering Sea_Sockeye salmon,BeringSea,Sockeye,salmon,8655,7,0.8655
metric_tons_wet,1958,Central AK_Sockeye salmon,CentralAK,Sockeye,salmon,5812,7,0.5812
metric_tons_wet,1958,SEAK_Sockeye salmon,SEAK,Sockeye,salmon,1754,7,0.1754
metric_tons_wet,1958,BCWC_Sockeye salmon,BCWC,Sockeye,salmon,17351,7,1.7351
metric_tons_wet,1959,Bering Sea_Pink salmon,BeringSea,Pink,salmon,444,8,0.0444
metric_tons_wet,1959,Central AK_Pink salmon,CentralAK,Pink,salmon,12131,8,1.2131
metric_tons_wet,1959,SEAK_Pink salmon,SEAK,Pink,salmon,15304,8,1.5304
metric_tons_wet,1959,BCWC_Pink salmon,BCWC,Pink,salmon,6460,8,0.646
metric_tons_wet,1959,Bering Sea_Chum salmon,BeringSea,Chum,salmon,12766,8,1.2766
metric_tons_wet,1959,Central AK_Chum salmon,CentralAK,Chum,salmon,8793,8,0.8793
metric_tons_wet,1959,SEAK_Chum salmon,SEAK,Chum,salmon,6526,8,0.6526
metric_tons_wet,1959,BCWC_Chum salmon,BCWC,Chum,salmon,17367,8,1.7367
metric_tons_wet,1959,Bering Sea_Sockeye salmon,BeringSea,Sockeye,salmon,21588,8,2.1588
metric_tons_wet,1959,Central AK_Sockeye salmon,CentralAK,Sockeye,salmon,6125,8,0.6125
metric_tons_wet,1959,SEAK_Sockeye salmon,SEAK,Sockeye,salmon,1771,8,0.1771
metric_tons_wet,1959,BCWC_Sockeye salmon,BCWC,Sockeye,salmon,19391,8,1.9391
metric_tons_wet,1960,Bering Sea_Pink salmon,BeringSea,Pink,salmon,6576,9,0.6576
metric_tons_wet,1960,Central AK_Pink salmon,CentralAK,Pink,salmon,14279,9,1.4279
metric_tons_wet,1960,SEAK_Pink salmon,SEAK,Pink,salmon,7178,9,0.7178
metric_tons_wet,1960,BCWC_Pink salmon,BCWC,Pink,salmon,9734,9,0.9734
metric_tons_wet,1960,Bering Sea_Chum salmon,BeringSea,Chum,salmon,13303,9,1.3303
metric_tons_wet,1960,Central AK_Chum salmon,CentralAK,Chum,salmon,7747,9,0.7747
metric_tons_wet,1960,SEAK_Chum salmon,SEAK,Chum,salmon,4400,9,0.44
metric_tons_wet,1960,BCWC_Chum salmon,BCWC,Chum,salmon,13783,9,1.3783
metric_tons_wet,1960,Bering Sea_Sockeye salmon,BeringSea,Sockeye,salmon,50490,9,5.049
metric_tons_wet,1960,Central AK_Sockeye salmon,CentralAK,Sockeye,salmon,6388,9,0.6388
metric_tons_wet,1960,SEAK_Sockeye salmon,SEAK,Sockeye,salmon,1620,9,0.162
metric_tons_wet,1960,BCWC_Sockeye salmon,BCWC,Sockeye,salmon,14717,9,1.4717
metric_tons_wet,1961,Bering Sea_Pink salmon,BeringSea,Pink,salmon,459,10,0.0459
metric_tons_wet,1961,Central AK_Pink salmon,CentralAK,Pink,salmon,21665,10,2.1665
metric_tons_wet,1961,SEAK_Pink salmon,SEAK,Pink,salmon,7644,10,0.7644
metric_tons_wet,1961,BCWC_Pink salmon,BCWC,Pink,salmon,33196,10,3.3196
metric_tons_wet,1961,Bering Sea_Chum salmon,BeringSea,Chum,salmon,11261,10,1.1261
metric_tons_wet,1961,Central AK_Chum salmon,CentralAK,Chum,salmon,6627,10,0.6627
metric_tons_wet,1961,SEAK_Chum salmon,SEAK,Chum,salmon,5166,10,0.5166
metric_tons_wet,1961,BCWC_Chum salmon,BCWC,Chum,salmon,13689,10,1.3689
metric_tons_wet,1961,Bering Sea_Sockeye salmon,BeringSea,Sockeye,salmon,18910,10,1.891
metric_tons_wet,1961,Central AK_Sockeye salmon,CentralAK,Sockeye,salmon,6868,10,0.6868
metric_tons_wet,1961,SEAK_Sockeye salmon,SEAK,Sockeye,salmon,1957,10,0.1957
metric_tons_wet,1961,BCWC_Sockeye salmon,BCWC,Sockeye,salmon,18474,10,1.8474
metric_tons_wet,1962,Bering Sea_Pink salmon,BeringSea,Pink,salmon,3153,11,0.3153
metric_tons_wet,1962,Central AK_Pink salmon,CentralAK,Pink,salmon,16617,11,1.6617
metric_tons_wet,1962,SEAK_Pink salmon,SEAK,Pink,salmon,11532,11,1.1532
metric_tons_wet,1962,BCWC_Pink salmon,BCWC,Pink,salmon,27641,11,2.7641
metric_tons_wet,1962,Bering Sea_Chum salmon,BeringSea,Chum,salmon,11794,11,1.1794
metric_tons_wet,1962,Central AK_Chum salmon,CentralAK,Chum,salmon,9957,11,0.9957
metric_tons_wet,1962,SEAK_Chum salmon,SEAK,Chum,salmon,5580,11,0.558
metric_tons_wet,1962,BCWC_Chum salmon,BCWC,Chum,salmon,15842,11,1.5842
metric_tons_wet,1962,Bering Sea_Sockeye salmon,BeringSea,Sockeye,salmon,16615,11,1.6615
metric_tons_wet,1962,Central AK_Sockeye salmon,CentralAK,Sockeye,salmon,7813,11,0.7813
metric_tons_wet,1962,SEAK_Sockeye salmon,SEAK,Sockeye,salmon,1807,11,0.1807
metric_tons_wet,1962,BCWC_Sockeye salmon,BCWC,Sockeye,salmon,17290,11,1.729
metric_tons_wet,1963,Bering Sea_Pink salmon,BeringSea,Pink,salmon,374,12,0.0374
metric_tons_wet,1963,Central AK_Pink salmon,CentralAK,Pink,salmon,15417,12,1.5417
metric_tons_wet,1963,SEAK_Pink salmon,SEAK,Pink,salmon,15775,12,1.5775
metric_tons_wet,1963,BCWC_Pink salmon,BCWC,Pink,salmon,18931,12,1.8931
metric_tons_wet,1963,Bering Sea_Chum salmon,BeringSea,Chum,salmon,8402,12,0.8402
metric_tons_wet,1963,Central AK_Chum salmon,CentralAK,Chum,salmon,8377,12,0.8377
metric_tons_wet,1963,SEAK_Chum salmon,SEAK,Chum,salmon,4456,12,0.4456
metric_tons_wet,1963,BCWC_Chum salmon,BCWC,Chum,salmon,16489,12,1.6489
metric_tons_wet,1963,Bering Sea_Sockeye salmon,BeringSea,Sockeye,salmon,11060,12,1.106
metric_tons_wet,1963,Central AK_Sockeye salmon,CentralAK,Sockeye,salmon,6802,12,0.6802
metric_tons_wet,1963,SEAK_Sockeye salmon,SEAK,Sockeye,salmon,1643,12,0.1643
metric_tons_wet,1963,BCWC_Sockeye salmon,BCWC,Sockeye,salmon,21520,12,2.152
metric_tons_wet,1964,Bering Sea_Pink salmon,BeringSea,Pink,salmon,2921,13,0.2921
metric_tons_wet,1964,Central AK_Pink salmon,CentralAK,Pink,salmon,24018,13,2.4018
metric_tons_wet,1964,SEAK_Pink salmon,SEAK,Pink,salmon,13452,13,1.3452
metric_tons_wet,1964,BCWC_Pink salmon,BCWC,Pink,salmon,15714,13,1.5714
metric_tons_wet,1964,Bering Sea_Chum salmon,BeringSea,Chum,salmon,11660,13,1.166
metric_tons_wet,1964,Central AK_Chum salmon,CentralAK,Chum,salmon,12670,13,1.267
metric_tons_wet,1964,SEAK_Chum salmon,SEAK,Chum,salmon,5090,13,0.509
metric_tons_wet,1964,BCWC_Chum salmon,BCWC,Chum,salmon,22355,13,2.2355
metric_tons_wet,1964,Bering Sea_Sockeye salmon,BeringSea,Sockeye,salmon,12617,13,1.2617
metric_tons_wet,1964,Central AK_Sockeye salmon,CentralAK,Sockeye,salmon,6860,13,0.686
metric_tons_wet,1964,SEAK_Sockeye salmon,SEAK,Sockeye,salmon,1767,13,0.1767
metric_tons_wet,1964,BCWC_Sockeye salmon,BCWC,Sockeye,salmon,15992,13,1.5992
metric_tons_wet,1965,Bering Sea_Pink salmon,BeringSea,Pink,salmon,164,14,0.0164
metric_tons_wet,1965,Central AK_Pink salmon,CentralAK,Pink,salmon,9908,14,0.9908
metric_tons_wet,1965,SEAK_Pink salmon,SEAK,Pink,salmon,12151,14,1.2151
metric_tons_wet,1965,BCWC_Pink salmon,BCWC,Pink,salmon,40878,14,4.0878
metric_tons_wet,1965,Bering Sea_Chum salmon,BeringSea,Chum,salmon,10013,14,1.0013
metric_tons_wet,1965,Central AK_Chum salmon,CentralAK,Chum,salmon,5507,14,0.5507
metric_tons_wet,1965,SEAK_Chum salmon,SEAK,Chum,salmon,5489,14,0.5489
metric_tons_wet,1965,BCWC_Chum salmon,BCWC,Chum,salmon,10228,14,1.0228
metric_tons_wet,1965,Bering Sea_Sockeye salmon,BeringSea,Sockeye,salmon,60762,14,6.0762
metric_tons_wet,1965,Central AK_Sockeye salmon,CentralAK,Sockeye,salmon,7800,14,0.78
metric_tons_wet,1965,SEAK_Sockeye salmon,SEAK,Sockeye,salmon,1774,14,0.1774
metric_tons_wet,1965,BCWC_Sockeye salmon,BCWC,Sockeye,salmon,7952,14,0.7952
metric_tons_wet,1966,Bering Sea_Pink salmon,BeringSea,Pink,salmon,4545,15,0.4545
metric_tons_wet,1966,Central AK_Pink salmon,CentralAK,Pink,salmon,19901,15,1.9901
metric_tons_wet,1966,SEAK_Pink salmon,SEAK,Pink,salmon,18927,15,1.8927
metric_tons_wet,1966,BCWC_Pink salmon,BCWC,Pink,salmon,16143,15,1.6143
metric_tons_wet,1966,Bering Sea_Chum salmon,BeringSea,Chum,salmon,10825,15,1.0825
metric_tons_wet,1966,Central AK_Chum salmon,CentralAK,Chum,salmon,8313,15,0.8313
metric_tons_wet,1966,SEAK_Chum salmon,SEAK,Chum,salmon,6788,15,0.6788
metric_tons_wet,1966,BCWC_Chum salmon,BCWC,Chum,salmon,23271,15,2.3271
metric_tons_wet,1966,Bering Sea_Sockeye salmon,BeringSea,Sockeye,salmon,25761,15,2.5761
metric_tons_wet,1966,Central AK_Sockeye salmon,CentralAK,Sockeye,salmon,9236,15,0.9236
metric_tons_wet,1966,SEAK_Sockeye salmon,SEAK,Sockeye,salmon,1993,15,0.1993
metric_tons_wet,1966,BCWC_Sockeye salmon,BCWC,Sockeye,salmon,14742,15,1.4742
metric_tons_wet,1967,Bering Sea_Pink salmon,BeringSea,Pink,salmon,341,16,0.0341
metric_tons_wet,1967,Central AK_Pink salmon,CentralAK,Pink,salmon,8856,16,0.8856
metric_tons_wet,1967,SEAK_Pink salmon,SEAK,Pink,salmon,6383,16,0.6383
metric_tons_wet,1967,BCWC_Pink salmon,BCWC,Pink,salmon,38482,16,3.8482
metric_tons_wet,1967,Bering Sea_Chum salmon,BeringSea,Chum,salmon,9661,16,0.9661
metric_tons_wet,1967,Central AK_Chum salmon,CentralAK,Chum,salmon,5508,16,0.5508
metric_tons_wet,1967,SEAK_Chum salmon,SEAK,Chum,salmon,9798,16,0.9798
metric_tons_wet,1967,BCWC_Chum salmon,BCWC,Chum,salmon,15455,16,1.5455
metric_tons_wet,1967,Bering Sea_Sockeye salmon,BeringSea,Sockeye,salmon,19641,16,1.9641
metric_tons_wet,1967,Central AK_Sockeye salmon,CentralAK,Sockeye,salmon,7732,16,0.7732
metric_tons_wet,1967,SEAK_Sockeye salmon,SEAK,Sockeye,salmon,1842,16,0.1842
metric_tons_wet,1967,BCWC_Sockeye salmon,BCWC,Sockeye,salmon,10751,16,1.0751
metric_tons_wet,1968,Bering Sea_Pink salmon,BeringSea,Pink,salmon,9743,17,0.9743
metric_tons_wet,1968,Central AK_Pink salmon,CentralAK,Pink,salmon,16804,17,1.6804
metric_tons_wet,1968,SEAK_Pink salmon,SEAK,Pink,salmon,12424,17,1.2424
metric_tons_wet,1968,BCWC_Pink salmon,BCWC,Pink,salmon,21309,17,2.1309
metric_tons_wet,1968,Bering Sea_Chum salmon,BeringSea,Chum,salmon,10177,17,1.0177
metric_tons_wet,1968,Central AK_Chum salmon,CentralAK,Chum,salmon,8335,17,0.8335
metric_tons_wet,1968,SEAK_Chum salmon,SEAK,Chum,salmon,6210,17,0.621
metric_tons_wet,1968,BCWC_Chum salmon,BCWC,Chum,salmon,30897,17,3.0897
metric_tons_wet,1968,Bering Sea_Sockeye salmon,BeringSea,Sockeye,salmon,12573,17,1.2573
metric_tons_wet,1968,Central AK_Sockeye salmon,CentralAK,Sockeye,salmon,9536,17,0.9536
metric_tons_wet,1968,SEAK_Sockeye salmon,SEAK,Sockeye,salmon,2126,17,0.2126
metric_tons_wet,1968,BCWC_Sockeye salmon,BCWC,Sockeye,salmon,30523,17,3.0523
metric_tons_wet,1969,Bering Sea_Pink salmon,BeringSea,Pink,salmon,737,18,0.0737
metric_tons_wet,1969,Central AK_Pink salmon,CentralAK,Pink,salmon,13022,18,1.3022
metric_tons_wet,1969,SEAK_Pink salmon,SEAK,Pink,salmon,12534,18,1.2534
metric_tons_wet,1969,BCWC_Pink salmon,BCWC,Pink,salmon,30255,18,3.0255
metric_tons_wet,1969,Bering Sea_Chum salmon,BeringSea,Chum,salmon,8967,18,0.8967
metric_tons_wet,1969,Central AK_Chum salmon,CentralAK,Chum,salmon,3624,18,0.3624
metric_tons_wet,1969,SEAK_Chum salmon,SEAK,Chum,salmon,3694,18,0.3694
metric_tons_wet,1969,BCWC_Chum salmon,BCWC,Chum,salmon,17293,18,1.7293
metric_tons_wet,1969,Bering Sea_Sockeye salmon,BeringSea,Sockeye,salmon,32966,18,3.2966
metric_tons_wet,1969,Central AK_Sockeye salmon,CentralAK,Sockeye,salmon,8275,18,0.8275
metric_tons_wet,1969,SEAK_Sockeye salmon,SEAK,Sockeye,salmon,1685,18,0.1685
metric_tons_wet,1969,BCWC_Sockeye salmon,BCWC,Sockeye,salmon,8518,18,0.8518
metric_tons_wet,1970,Bering Sea_Pink salmon,BeringSea,Pink,salmon,2168,19,0.2168
metric_tons_wet,1970,Central AK_Pink salmon,CentralAK,Pink,salmon,15047,19,1.5047
metric_tons_wet,1970,SEAK_Pink salmon,SEAK,Pink,salmon,13003,19,1.3003
metric_tons_wet,1970,BCWC_Pink salmon,BCWC,Pink,salmon,14187,19,1.4187
metric_tons_wet,1970,Bering Sea_Chum salmon,BeringSea,Chum,salmon,12275,19,1.2275
metric_tons_wet,1970,Central AK_Chum salmon,CentralAK,Chum,salmon,5968,19,0.5968
metric_tons_wet,1970,SEAK_Chum salmon,SEAK,Chum,salmon,8169,19,0.8169
metric_tons_wet,1970,BCWC_Chum salmon,BCWC,Chum,salmon,28746,19,2.8746
metric_tons_wet,1970,Bering Sea_Sockeye salmon,BeringSea,Sockeye,salmon,44001,19,4.4001
metric_tons_wet,1970,Central AK_Sockeye salmon,CentralAK,Sockeye,salmon,10585,19,1.0585
metric_tons_wet,1970,SEAK_Sockeye salmon,SEAK,Sockeye,salmon,1886,19,0.1886
metric_tons_wet,1970,BCWC_Sockeye salmon,BCWC,Sockeye,salmon,16739,19,1.6739
metric_tons_wet,1971,Bering Sea_Pink salmon,BeringSea,Pink,salmon,150,20,0.015
metric_tons_wet,1971,Central AK_Pink salmon,CentralAK,Pink,salmon,10847,20,1.0847
metric_tons_wet,1971,SEAK_Pink salmon,SEAK,Pink,salmon,15822,20,1.5822
metric_tons_wet,1971,BCWC_Pink salmon,BCWC,Pink,salmon,9879,20,0.9879
metric_tons_wet,1971,Bering Sea_Chum salmon,BeringSea,Chum,salmon,10761,20,1.0761
metric_tons_wet,1971,Central AK_Chum salmon,CentralAK,Chum,salmon,6165,20,0.6165
metric_tons_wet,1971,SEAK_Chum salmon,SEAK,Chum,salmon,9011,20,0.9011
metric_tons_wet,1971,BCWC_Chum salmon,BCWC,Chum,salmon,13359,20,1.3359
metric_tons_wet,1971,Bering Sea_Sockeye salmon,BeringSea,Sockeye,salmon,20514,20,2.0514
metric_tons_wet,1971,Central AK_Sockeye salmon,CentralAK,Sockeye,salmon,10156,20,1.0156
metric_tons_wet,1971,SEAK_Sockeye salmon,SEAK,Sockeye,salmon,2067,20,0.2067
metric_tons_wet,1971,BCWC_Sockeye salmon,BCWC,Sockeye,salmon,62254,20,6.2254
metric_tons_wet,1972,Bering Sea_Pink salmon,BeringSea,Pink,salmon,578,21,0.0578
metric_tons_wet,1972,Central AK_Pink salmon,CentralAK,Pink,salmon,8457,21,0.8457
metric_tons_wet,1972,SEAK_Pink salmon,SEAK,Pink,salmon,11943,21,1.1943
metric_tons_wet,1972,BCWC_Pink salmon,BCWC,Pink,salmon,14020,21,1.402
metric_tons_wet,1972,Bering Sea_Chum salmon,BeringSea,Chum,salmon,11076,21,1.1076
metric_tons_wet,1972,Central AK_Chum salmon,CentralAK,Chum,salmon,7613,21,0.7613
metric_tons_wet,1972,SEAK_Chum salmon,SEAK,Chum,salmon,10143,21,1.0143
metric_tons_wet,1972,BCWC_Chum salmon,BCWC,Chum,salmon,34724,21,3.4724
metric_tons_wet,1972,Bering Sea_Sockeye salmon,BeringSea,Sockeye,salmon,9250,21,0.925
metric_tons_wet,1972,Central AK_Sockeye salmon,CentralAK,Sockeye,salmon,7978,21,0.7978
metric_tons_wet,1972,SEAK_Sockeye salmon,SEAK,Sockeye,salmon,1852,21,0.1852
metric_tons_wet,1972,BCWC_Sockeye salmon,BCWC,Sockeye,salmon,15088,21,1.5088
metric_tons_wet,1973,Bering Sea_Pink salmon,BeringSea,Pink,salmon,449,22,0.0449
metric_tons_wet,1973,Central AK_Pink salmon,CentralAK,Pink,salmon,9644,22,0.9644
metric_tons_wet,1973,SEAK_Pink salmon,SEAK,Pink,salmon,13194,22,1.3194
metric_tons_wet,1973,BCWC_Pink salmon,BCWC,Pink,salmon,9968,22,0.9968
metric_tons_wet,1973,Bering Sea_Chum salmon,BeringSea,Chum,salmon,13130,22,1.313
metric_tons_wet,1973,Central AK_Chum salmon,CentralAK,Chum,salmon,11479,22,1.1479
metric_tons_wet,1973,SEAK_Chum salmon,SEAK,Chum,salmon,11732,22,1.1732
metric_tons_wet,1973,BCWC_Chum salmon,BCWC,Chum,salmon,34033,22,3.4033
metric_tons_wet,1973,Bering Sea_Sockeye salmon,BeringSea,Sockeye,salmon,6596,22,0.6596
metric_tons_wet,1973,Central AK_Sockeye salmon,CentralAK,Sockeye,salmon,9619,22,0.9619
metric_tons_wet,1973,SEAK_Sockeye salmon,SEAK,Sockeye,salmon,2060,22,0.206
metric_tons_wet,1973,BCWC_Sockeye salmon,BCWC,Sockeye,salmon,22134,22,2.2134
metric_tons_wet,1974,Bering Sea_Pink salmon,BeringSea,Pink,salmon,5189,23,0.5189
metric_tons_wet,1974,Central AK_Pink salmon,CentralAK,Pink,salmon,12643,23,1.2643
metric_tons_wet,1974,SEAK_Pink salmon,SEAK,Pink,salmon,13196,23,1.3196
metric_tons_wet,1974,BCWC_Pink salmon,BCWC,Pink,salmon,14222,23,1.4222
metric_tons_wet,1974,Bering Sea_Chum salmon,BeringSea,Chum,salmon,14072,23,1.4072
metric_tons_wet,1974,Central AK_Chum salmon,CentralAK,Chum,salmon,7249,23,0.7249
metric_tons_wet,1974,SEAK_Chum salmon,SEAK,Chum,salmon,11522,23,1.1522
metric_tons_wet,1974,BCWC_Chum salmon,BCWC,Chum,salmon,21443,23,2.1443
metric_tons_wet,1974,Bering Sea_Sockeye salmon,BeringSea,Sockeye,salmon,25707,23,2.5707
metric_tons_wet,1974,Central AK_Sockeye salmon,CentralAK,Sockeye,salmon,8669,23,0.8669
metric_tons_wet,1974,SEAK_Sockeye salmon,SEAK,Sockeye,salmon,1917,23,0.1917
metric_tons_wet,1974,BCWC_Sockeye salmon,BCWC,Sockeye,salmon,22605,23,2.2605
metric_tons_wet,1975,Bering Sea_Pink salmon,BeringSea,Pink,salmon,337,24,0.0337
metric_tons_wet,1975,Central AK_Pink salmon,CentralAK,Pink,salmon,13946,24,1.3946
metric_tons_wet,1975,SEAK_Pink salmon,SEAK,Pink,salmon,15612,24,1.5612
metric_tons_wet,1975,BCWC_Pink salmon,BCWC,Pink,salmon,29037,24,2.9037
metric_tons_wet,1975,Bering Sea_Chum salmon,BeringSea,Chum,salmon,19386,24,1.9386
metric_tons_wet,1975,Central AK_Chum salmon,CentralAK,Chum,salmon,7416,24,0.7416
metric_tons_wet,1975,SEAK_Chum salmon,SEAK,Chum,salmon,7457,24,0.7457
metric_tons_wet,1975,BCWC_Chum salmon,BCWC,Chum,salmon,11627,24,1.1627
metric_tons_wet,1975,Bering Sea_Sockeye salmon,BeringSea,Sockeye,salmon,50713,24,5.0713
metric_tons_wet,1975,Central AK_Sockeye salmon,CentralAK,Sockeye,salmon,7444,24,0.7444
metric_tons_wet,1975,SEAK_Sockeye salmon,SEAK,Sockeye,salmon,1656,24,0.1656
metric_tons_wet,1975,BCWC_Sockeye salmon,BCWC,Sockeye,salmon,10749,24,1.0749
metric_tons_wet,1976,Bering Sea_Pink salmon,BeringSea,Pink,salmon,4574,25,0.4574
metric_tons_wet,1976,Central AK_Pink salmon,CentralAK,Pink,salmon,19578,25,1.9578
metric_tons_wet,1976,SEAK_Pink salmon,SEAK,Pink,salmon,45810,25,4.581
metric_tons_wet,1976,BCWC_Pink salmon,BCWC,Pink,salmon,16570,25,1.657
metric_tons_wet,1976,Bering Sea_Chum salmon,BeringSea,Chum,salmon,13579,25,1.3579
metric_tons_wet,1976,Central AK_Chum salmon,CentralAK,Chum,salmon,5556,25,0.5556
metric_tons_wet,1976,SEAK_Chum salmon,SEAK,Chum,salmon,24485,25,2.4485
metric_tons_wet,1976,BCWC_Chum salmon,BCWC,Chum,salmon,22897,25,2.2897
metric_tons_wet,1976,Bering Sea_Sockeye salmon,BeringSea,Sockeye,salmon,18428,25,1.8428
metric_tons_wet,1976,Central AK_Sockeye salmon,CentralAK,Sockeye,salmon,11307,25,1.1307
metric_tons_wet,1976,SEAK_Sockeye salmon,SEAK,Sockeye,salmon,1914,25,0.1914
metric_tons_wet,1976,BCWC_Sockeye salmon,BCWC,Sockeye,salmon,8223,25,0.8223
metric_tons_wet,1976,Bering Sea_Chinook salmon,BeringSea,Chinook,salmon,3757,1,0.3757
metric_tons_wet,1976,Central AK_Chinook salmon,CentralAK,Chinook,salmon,652,1,0.0652
metric_tons_wet,1976,SEAK_Chinook salmon,SEAK,Chinook,salmon,281,1,0.0281
metric_tons_wet,1976,BCWC_Chinook salmon,BCWC,Chinook,salmon,6453,1,0.6453
metric_tons_wet,1976,Bering Sea_Coho salmon,BeringSea,Coho,salmon,332,1,0.0332
metric_tons_wet,1976,Central AK_Coho salmon,CentralAK,Coho,salmon,1115,1,0.1115
metric_tons_wet,1976,SEAK_Coho salmon,SEAK,Coho,salmon,1235,1,0.1235
metric_tons_wet,1976,BCWC_Coho salmon,BCWC,Coho,salmon,4435,1,0.4435
metric_tons_wet,1977,Bering Sea_Pink salmon,BeringSea,Pink,salmon,483,26,0.0483
metric_tons_wet,1977,Central AK_Pink salmon,CentralAK,Pink,salmon,22980,26,2.298
metric_tons_wet,1977,SEAK_Pink salmon,SEAK,Pink,salmon,24286,26,2.4286
metric_tons_wet,1977,BCWC_Pink salmon,BCWC,Pink,salmon,18172,26,1.8172
metric_tons_wet,1977,Bering Sea_Chum salmon,BeringSea,Chum,salmon,17566,26,1.7566
metric_tons_wet,1977,Central AK_Chum salmon,CentralAK,Chum,salmon,20484,26,2.0484
metric_tons_wet,1977,SEAK_Chum salmon,SEAK,Chum,salmon,3361,26,0.3361
metric_tons_wet,1977,BCWC_Chum salmon,BCWC,Chum,salmon,26124,26,2.6124
metric_tons_wet,1977,Bering Sea_Sockeye salmon,BeringSea,Sockeye,salmon,16533,26,1.6533
metric_tons_wet,1977,Central AK_Sockeye salmon,CentralAK,Sockeye,salmon,13815,26,1.3815
metric_tons_wet,1977,SEAK_Sockeye salmon,SEAK,Sockeye,salmon,2059,26,0.2059
metric_tons_wet,1977,BCWC_Sockeye salmon,BCWC,Sockeye,salmon,18960,26,1.896
metric_tons_wet,1977,Bering Sea_Chinook salmon,BeringSea,Chinook,salmon,5079,2,0.5079
metric_tons_wet,1977,Central AK_Chinook salmon,CentralAK,Chinook,salmon,561,2,0.0561
metric_tons_wet,1977,SEAK_Chinook salmon,SEAK,Chinook,salmon,517,2,0.0517
metric_tons_wet,1977,BCWC_Chinook salmon,BCWC,Chinook,salmon,6011,2,0.6011
metric_tons_wet,1977,Bering Sea_Coho salmon,BeringSea,Coho,salmon,968,2,0.0968
metric_tons_wet,1977,Central AK_Coho salmon,CentralAK,Coho,salmon,1195,2,0.1195
metric_tons_wet,1977,SEAK_Coho salmon,SEAK,Coho,salmon,1697,2,0.1697
metric_tons_wet,1977,BCWC_Coho salmon,BCWC,Coho,salmon,5948,2,0.5948
metric_tons_wet,1978,Bering Sea_Pink salmon,BeringSea,Pink,salmon,19369,27,1.9369
metric_tons_wet,1978,Central AK_Pink salmon,CentralAK,Pink,salmon,26228,27,2.6228
metric_tons_wet,1978,SEAK_Pink salmon,SEAK,Pink,salmon,27354,27,2.7354
metric_tons_wet,1978,BCWC_Pink salmon,BCWC,Pink,salmon,13055,27,1.3055
metric_tons_wet,1978,Bering Sea_Chum salmon,BeringSea,Chum,salmon,18091,27,1.8091
metric_tons_wet,1978,Central AK_Chum salmon,CentralAK,Chum,salmon,9352,27,0.9352
metric_tons_wet,1978,SEAK_Chum salmon,SEAK,Chum,salmon,3955,27,0.3955
metric_tons_wet,1978,BCWC_Chum salmon,BCWC,Chum,salmon,29559,27,2.9559
metric_tons_wet,1978,Bering Sea_Sockeye salmon,BeringSea,Sockeye,salmon,32724,27,3.2724
metric_tons_wet,1978,Central AK_Sockeye salmon,CentralAK,Sockeye,salmon,9481,27,0.9481
metric_tons_wet,1978,SEAK_Sockeye salmon,SEAK,Sockeye,salmon,1954,27,0.1954
metric_tons_wet,1978,BCWC_Sockeye salmon,BCWC,Sockeye,salmon,18629,27,1.8629
metric_tons_wet,1978,Bering Sea_Chinook salmon,BeringSea,Chinook,salmon,5587,3,0.5587
metric_tons_wet,1978,Central AK_Chinook salmon,CentralAK,Chinook,salmon,824,3,0.0824
metric_tons_wet,1978,SEAK_Chinook salmon,SEAK,Chinook,salmon,400,3,0.04
metric_tons_wet,1978,BCWC_Chinook salmon,BCWC,Chinook,salmon,7473,3,0.7473
metric_tons_wet,1978,Bering Sea_Coho salmon,BeringSea,Coho,salmon,807,3,0.0807
metric_tons_wet,1978,Central AK_Coho salmon,CentralAK,Coho,salmon,1761,3,0.1761
metric_tons_wet,1978,SEAK_Coho salmon,SEAK,Coho,salmon,2348,3,0.2348
metric_tons_wet,1978,BCWC_Coho salmon,BCWC,Coho,salmon,4841,3,0.4841
metric_tons_wet,1979,Bering Sea_Pink salmon,BeringSea,Pink,salmon,1355,28,0.1355
metric_tons_wet,1979,Central AK_Pink salmon,CentralAK,Pink,salmon,26591,28,2.6591
metric_tons_wet,1979,SEAK_Pink salmon,SEAK,Pink,salmon,39581,28,3.9581
metric_tons_wet,1979,BCWC_Pink salmon,BCWC,Pink,salmon,10263,28,1.0263
metric_tons_wet,1979,Bering Sea_Chum salmon,BeringSea,Chum,salmon,15028,28,1.5028
metric_tons_wet,1979,Central AK_Chum salmon,CentralAK,Chum,salmon,12222,28,1.2222
metric_tons_wet,1979,SEAK_Chum salmon,SEAK,Chum,salmon,8542,28,0.8542
metric_tons_wet,1979,BCWC_Chum salmon,BCWC,Chum,salmon,16205,28,1.6205
metric_tons_wet,1979,Bering Sea_Sockeye salmon,BeringSea,Sockeye,salmon,55841,28,5.5841
metric_tons_wet,1979,Central AK_Sockeye salmon,CentralAK,Sockeye,salmon,9198,28,0.9198
metric_tons_wet,1979,SEAK_Sockeye salmon,SEAK,Sockeye,salmon,1898,28,0.1898
metric_tons_wet,1979,BCWC_Sockeye salmon,BCWC,Sockeye,salmon,18796,28,1.8796
metric_tons_wet,1979,Bering Sea_Chinook salmon,BeringSea,Chinook,salmon,4211,4,0.4211
metric_tons_wet,1979,Central AK_Chinook salmon,CentralAK,Chinook,salmon,595,4,0.0595
metric_tons_wet,1979,SEAK_Chinook salmon,SEAK,Chinook,salmon,489,4,0.0489
metric_tons_wet,1979,BCWC_Chinook salmon,BCWC,Chinook,salmon,6636,4,0.6636
metric_tons_wet,1979,Bering Sea_Coho salmon,BeringSea,Coho,salmon,1489,4,0.1489
metric_tons_wet,1979,Central AK_Coho salmon,CentralAK,Coho,salmon,3032,4,0.3032
metric_tons_wet,1979,SEAK_Coho salmon,SEAK,Coho,salmon,1824,4,0.1824
metric_tons_wet,1979,BCWC_Coho salmon,BCWC,Coho,salmon,4910,4,0.491
metric_tons_wet,1980,Bering Sea_Pink salmon,BeringSea,Pink,salmon,10659,29,1.0659
metric_tons_wet,1980,Central AK_Pink salmon,CentralAK,Pink,salmon,20852,29,2.0852
metric_tons_wet,1980,SEAK_Pink salmon,SEAK,Pink,salmon,31088,29,3.1088
metric_tons_wet,1980,BCWC_Pink salmon,BCWC,Pink,salmon,12626,29,1.2626
metric_tons_wet,1980,Bering Sea_Chum salmon,BeringSea,Chum,salmon,20927,29,2.0927
metric_tons_wet,1980,Central AK_Chum salmon,CentralAK,Chum,salmon,7517,29,0.7517
metric_tons_wet,1980,SEAK_Chum salmon,SEAK,Chum,salmon,10589,29,1.0589
metric_tons_wet,1980,BCWC_Chum salmon,BCWC,Chum,salmon,19891,29,1.9891
metric_tons_wet,1980,Bering Sea_Sockeye salmon,BeringSea,Sockeye,salmon,103097,29,10.3097
metric_tons_wet,1980,Central AK_Sockeye salmon,CentralAK,Sockeye,salmon,9658,29,0.9658
metric_tons_wet,1980,SEAK_Sockeye salmon,SEAK,Sockeye,salmon,1957,29,0.1957
metric_tons_wet,1980,BCWC_Sockeye salmon,BCWC,Sockeye,salmon,11870,29,1.187
metric_tons_wet,1980,Bering Sea_Chinook salmon,BeringSea,Chinook,salmon,6297,5,0.6297
metric_tons_wet,1980,Central AK_Chinook salmon,CentralAK,Chinook,salmon,492,5,0.0492
metric_tons_wet,1980,SEAK_Chinook salmon,SEAK,Chinook,salmon,776,5,0.0776
metric_tons_wet,1980,BCWC_Chinook salmon,BCWC,Chinook,salmon,5800,5,0.58
metric_tons_wet,1980,Bering Sea_Coho salmon,BeringSea,Coho,salmon,1515,5,0.1515
metric_tons_wet,1980,Central AK_Coho salmon,CentralAK,Coho,salmon,2840,5,0.284
metric_tons_wet,1980,SEAK_Coho salmon,SEAK,Coho,salmon,1668,5,0.1668
metric_tons_wet,1980,BCWC_Coho salmon,BCWC,Coho,salmon,3953,5,0.3953
metric_tons_wet,1981,Bering Sea_Pink salmon,BeringSea,Pink,salmon,1661,30,0.1661
metric_tons_wet,1981,Central AK_Pink salmon,CentralAK,Pink,salmon,25179,30,2.5179
metric_tons_wet,1981,SEAK_Pink salmon,SEAK,Pink,salmon,38908,30,3.8908
metric_tons_wet,1981,BCWC_Pink salmon,BCWC,Pink,salmon,14988,30,1.4988
metric_tons_wet,1981,Bering Sea_Chum salmon,BeringSea,Chum,salmon,21643,30,2.1643
metric_tons_wet,1981,Central AK_Chum salmon,CentralAK,Chum,salmon,13600,30,1.36
metric_tons_wet,1981,SEAK_Chum salmon,SEAK,Chum,salmon,4525,30,0.4525
metric_tons_wet,1981,BCWC_Chum salmon,BCWC,Chum,salmon,28965,30,2.8965
metric_tons_wet,1981,Bering Sea_Sockeye salmon,BeringSea,Sockeye,salmon,30123,30,3.0123
metric_tons_wet,1981,Central AK_Sockeye salmon,CentralAK,Sockeye,salmon,11560,30,1.156
metric_tons_wet,1981,SEAK_Sockeye salmon,SEAK,Sockeye,salmon,2219,30,0.2219
metric_tons_wet,1981,BCWC_Sockeye salmon,BCWC,Sockeye,salmon,21672,30,2.1672
metric_tons_wet,1981,Bering Sea_Chinook salmon,BeringSea,Chinook,salmon,5851,6,0.5851
metric_tons_wet,1981,Central AK_Chinook salmon,CentralAK,Chinook,salmon,652,6,0.0652
metric_tons_wet,1981,SEAK_Chinook salmon,SEAK,Chinook,salmon,891,6,0.0891
metric_tons_wet,1981,BCWC_Chinook salmon,BCWC,Chinook,salmon,6060,6,0.606
metric_tons_wet,1981,Bering Sea_Coho salmon,BeringSea,Coho,salmon,1384,6,0.1384
metric_tons_wet,1981,Central AK_Coho salmon,CentralAK,Coho,salmon,3431,6,0.3431
metric_tons_wet,1981,SEAK_Coho salmon,SEAK,Coho,salmon,2184,6,0.2184
metric_tons_wet,1981,BCWC_Coho salmon,BCWC,Coho,salmon,3420,6,0.342
metric_tons_wet,1982,Bering Sea_Pink salmon,BeringSea,Pink,salmon,7315,31,0.7315
metric_tons_wet,1982,Central AK_Pink salmon,CentralAK,Pink,salmon,20967,31,2.0967
metric_tons_wet,1982,SEAK_Pink salmon,SEAK,Pink,salmon,26845,31,2.6845
metric_tons_wet,1982,BCWC_Pink salmon,BCWC,Pink,salmon,8137,31,0.8137
metric_tons_wet,1982,Bering Sea_Chum salmon,BeringSea,Chum,salmon,14663,31,1.4663
metric_tons_wet,1982,Central AK_Chum salmon,CentralAK,Chum,salmon,12204,31,1.2204
metric_tons_wet,1982,SEAK_Chum salmon,SEAK,Chum,salmon,5212,31,0.5212
metric_tons_wet,1982,BCWC_Chum salmon,BCWC,Chum,salmon,29044,31,2.9044
metric_tons_wet,1982,Bering Sea_Sockeye salmon,BeringSea,Sockeye,salmon,24292,31,2.4292
metric_tons_wet,1982,Central AK_Sockeye salmon,CentralAK,Sockeye,salmon,13696,31,1.3696
metric_tons_wet,1982,SEAK_Sockeye salmon,SEAK,Sockeye,salmon,2287,31,0.2287
metric_tons_wet,1982,BCWC_Sockeye salmon,BCWC,Sockeye,salmon,35937,31,3.5937
metric_tons_wet,1982,Bering Sea_Chinook salmon,BeringSea,Chinook,salmon,4256,7,0.4256
metric_tons_wet,1982,Central AK_Chinook salmon,CentralAK,Chinook,salmon,1234,7,0.1234
metric_tons_wet,1982,SEAK_Chinook salmon,SEAK,Chinook,salmon,736,7,0.0736
metric_tons_wet,1982,BCWC_Chinook salmon,BCWC,Chinook,salmon,6649,7,0.6649
metric_tons_wet,1982,Bering Sea_Coho salmon,BeringSea,Coho,salmon,2917,7,0.2917
metric_tons_wet,1982,Central AK_Coho salmon,CentralAK,Coho,salmon,6487,7,0.6487
metric_tons_wet,1982,SEAK_Coho salmon,SEAK,Coho,salmon,3052,7,0.3052
metric_tons_wet,1982,BCWC_Coho salmon,BCWC,Coho,salmon,4189,7,0.4189
metric_tons_wet,1983,Bering Sea_Pink salmon,BeringSea,Pink,salmon,727,32,0.0727
metric_tons_wet,1983,Central AK_Pink salmon,CentralAK,Pink,salmon,17290,32,1.729
metric_tons_wet,1983,SEAK_Pink salmon,SEAK,Pink,salmon,34150,32,3.415
metric_tons_wet,1983,BCWC_Pink salmon,BCWC,Pink,salmon,29749,32,2.9749
metric_tons_wet,1983,Bering Sea_Chum salmon,BeringSea,Chum,salmon,13512,32,1.3512
metric_tons_wet,1983,Central AK_Chum salmon,CentralAK,Chum,salmon,10724,32,1.0724
metric_tons_wet,1983,SEAK_Chum salmon,SEAK,Chum,salmon,3371,32,0.3371
metric_tons_wet,1983,BCWC_Chum salmon,BCWC,Chum,salmon,21712,32,2.1712
metric_tons_wet,1983,Bering Sea_Sockeye salmon,BeringSea,Sockeye,salmon,32474,32,3.2474
metric_tons_wet,1983,Central AK_Sockeye salmon,CentralAK,Sockeye,salmon,11537,32,1.1537
metric_tons_wet,1983,SEAK_Sockeye salmon,SEAK,Sockeye,salmon,2034,32,0.2034
metric_tons_wet,1983,BCWC_Sockeye salmon,BCWC,Sockeye,salmon,20135,32,2.0135
metric_tons_wet,1983,Bering Sea_Chinook salmon,BeringSea,Chinook,salmon,4738,8,0.4738
metric_tons_wet,1983,Central AK_Chinook salmon,CentralAK,Chinook,salmon,1471,8,0.1471
metric_tons_wet,1983,SEAK_Chinook salmon,SEAK,Chinook,salmon,374,8,0.0374
metric_tons_wet,1983,BCWC_Chinook salmon,BCWC,Chinook,salmon,5057,8,0.5057
metric_tons_wet,1983,Bering Sea_Coho salmon,BeringSea,Coho,salmon,789,8,0.0789
metric_tons_wet,1983,Central AK_Coho salmon,CentralAK,Coho,salmon,3133,8,0.3133
metric_tons_wet,1983,SEAK_Coho salmon,SEAK,Coho,salmon,2781,8,0.2781
metric_tons_wet,1983,BCWC_Coho salmon,BCWC,Coho,salmon,3630,8,0.363
metric_tons_wet,1984,Bering Sea_Pink salmon,BeringSea,Pink,salmon,7348,33,0.7348
metric_tons_wet,1984,Central AK_Pink salmon,CentralAK,Pink,salmon,35192,33,3.5192
metric_tons_wet,1984,SEAK_Pink salmon,SEAK,Pink,salmon,44359,33,4.4359
metric_tons_wet,1984,BCWC_Pink salmon,BCWC,Pink,salmon,13491,33,1.3491
metric_tons_wet,1984,Bering Sea_Chum salmon,BeringSea,Chum,salmon,20747,33,2.0747
metric_tons_wet,1984,Central AK_Chum salmon,CentralAK,Chum,salmon,12220,33,1.222
metric_tons_wet,1984,SEAK_Chum salmon,SEAK,Chum,salmon,15226,33,1.5226
metric_tons_wet,1984,BCWC_Chum salmon,BCWC,Chum,salmon,22871,33,2.2871
metric_tons_wet,1984,Bering Sea_Sockeye salmon,BeringSea,Sockeye,salmon,43251,33,4.3251
metric_tons_wet,1984,Central AK_Sockeye salmon,CentralAK,Sockeye,salmon,13112,33,1.3112
metric_tons_wet,1984,SEAK_Sockeye salmon,SEAK,Sockeye,salmon,2203,33,0.2203
metric_tons_wet,1984,BCWC_Sockeye salmon,BCWC,Sockeye,salmon,15278,33,1.5278
metric_tons_wet,1984,Bering Sea_Chinook salmon,BeringSea,Chinook,salmon,3221,9,0.3221
metric_tons_wet,1984,Central AK_Chinook salmon,CentralAK,Chinook,salmon,1005,9,0.1005
metric_tons_wet,1984,SEAK_Chinook salmon,SEAK,Chinook,salmon,555,9,0.0555
metric_tons_wet,1984,BCWC_Chinook salmon,BCWC,Chinook,salmon,6892,9,0.6892
metric_tons_wet,1984,Bering Sea_Coho salmon,BeringSea,Coho,salmon,3622,9,0.3622
metric_tons_wet,1984,Central AK_Coho salmon,CentralAK,Coho,salmon,4956,9,0.4956
metric_tons_wet,1984,SEAK_Coho salmon,SEAK,Coho,salmon,3184,9,0.3184
metric_tons_wet,1984,BCWC_Coho salmon,BCWC,Coho,salmon,5397,9,0.5397
metric_tons_wet,1985,Bering Sea_Pink salmon,BeringSea,Pink,salmon,319,34,0.0319
metric_tons_wet,1985,Central AK_Pink salmon,CentralAK,Pink,salmon,23648,34,2.3648
metric_tons_wet,1985,SEAK_Pink salmon,SEAK,Pink,salmon,66308,34,6.6308
metric_tons_wet,1985,BCWC_Pink salmon,BCWC,Pink,salmon,32805,34,3.2805
metric_tons_wet,1985,Bering Sea_Chum salmon,BeringSea,Chum,salmon,18034,34,1.8034
metric_tons_wet,1985,Central AK_Chum salmon,CentralAK,Chum,salmon,14740,34,1.474
metric_tons_wet,1985,SEAK_Chum salmon,SEAK,Chum,salmon,10411,34,1.0411
metric_tons_wet,1985,BCWC_Chum salmon,BCWC,Chum,salmon,31973,34,3.1973
metric_tons_wet,1985,Bering Sea_Sockeye salmon,BeringSea,Sockeye,salmon,36719,34,3.6719
metric_tons_wet,1985,Central AK_Sockeye salmon,CentralAK,Sockeye,salmon,14224,34,1.4224
metric_tons_wet,1985,SEAK_Sockeye salmon,SEAK,Sockeye,salmon,2497,34,0.2497
metric_tons_wet,1985,BCWC_Sockeye salmon,BCWC,Sockeye,salmon,22572,34,2.2572
metric_tons_wet,1985,Bering Sea_Chinook salmon,BeringSea,Chinook,salmon,3954,10,0.3954
metric_tons_wet,1985,Central AK_Chinook salmon,CentralAK,Chinook,salmon,805,10,0.0805
metric_tons_wet,1985,SEAK_Chinook salmon,SEAK,Chinook,salmon,579,10,0.0579
metric_tons_wet,1985,BCWC_Chinook salmon,BCWC,Chinook,salmon,11438,10,1.1438
metric_tons_wet,1985,Bering Sea_Coho salmon,BeringSea,Coho,salmon,1780,10,0.178
metric_tons_wet,1985,Central AK_Coho salmon,CentralAK,Coho,salmon,6805,10,0.6805
metric_tons_wet,1985,SEAK_Coho salmon,SEAK,Coho,salmon,3962,10,0.3962
metric_tons_wet,1985,BCWC_Coho salmon,BCWC,Coho,salmon,4585,10,0.4585
metric_tons_wet,1986,Bering Sea_Pink salmon,BeringSea,Pink,salmon,1692,35,0.1692
metric_tons_wet,1986,Central AK_Pink salmon,CentralAK,Pink,salmon,19544,35,1.9544
metric_tons_wet,1986,SEAK_Pink salmon,SEAK,Pink,salmon,58811,35,5.8811
metric_tons_wet,1986,BCWC_Pink salmon,BCWC,Pink,salmon,26682,35,2.6682
metric_tons_wet,1986,Bering Sea_Chum salmon,BeringSea,Chum,salmon,17078,35,1.7078
metric_tons_wet,1986,Central AK_Chum salmon,CentralAK,Chum,salmon,11667,35,1.1667
metric_tons_wet,1986,SEAK_Chum salmon,SEAK,Chum,salmon,8793,35,0.8793
metric_tons_wet,1986,BCWC_Chum salmon,BCWC,Chum,salmon,38850,35,3.885
metric_tons_wet,1986,Bering Sea_Sockeye salmon,BeringSea,Sockeye,salmon,24368,35,2.4368
metric_tons_wet,1986,Central AK_Sockeye salmon,CentralAK,Sockeye,salmon,12416,35,1.2416
metric_tons_wet,1986,SEAK_Sockeye salmon,SEAK,Sockeye,salmon,1769,35,0.1769
metric_tons_wet,1986,BCWC_Sockeye salmon,BCWC,Sockeye,salmon,22558,35,2.2558
metric_tons_wet,1986,Bering Sea_Chinook salmon,BeringSea,Chinook,salmon,2750,11,0.275
metric_tons_wet,1986,Central AK_Chinook salmon,CentralAK,Chinook,salmon,949,11,0.0949
metric_tons_wet,1986,SEAK_Chinook salmon,SEAK,Chinook,salmon,759,11,0.0759
metric_tons_wet,1986,BCWC_Chinook salmon,BCWC,Chinook,salmon,10761,11,1.0761
metric_tons_wet,1986,Bering Sea_Coho salmon,BeringSea,Coho,salmon,2261,11,0.2261
metric_tons_wet,1986,Central AK_Coho salmon,CentralAK,Coho,salmon,4411,11,0.4411
metric_tons_wet,1986,SEAK_Coho salmon,SEAK,Coho,salmon,5026,11,0.5026
metric_tons_wet,1986,BCWC_Coho salmon,BCWC,Coho,salmon,4854,11,0.4854
metric_tons_wet,1987,Bering Sea_Pink salmon,BeringSea,Pink,salmon,293,36,0.0293
metric_tons_wet,1987,Central AK_Pink salmon,CentralAK,Pink,salmon,22138,36,2.2138
metric_tons_wet,1987,SEAK_Pink salmon,SEAK,Pink,salmon,36945,36,3.6945
metric_tons_wet,1987,BCWC_Pink salmon,BCWC,Pink,salmon,48764,36,4.8764
metric_tons_wet,1987,Bering Sea_Chum salmon,BeringSea,Chum,salmon,16985,36,1.6985
metric_tons_wet,1987,Central AK_Chum salmon,CentralAK,Chum,salmon,9530,36,0.953
metric_tons_wet,1987,SEAK_Chum salmon,SEAK,Chum,salmon,14418,36,1.4418
metric_tons_wet,1987,BCWC_Chum salmon,BCWC,Chum,salmon,26787,36,2.6787
metric_tons_wet,1987,Bering Sea_Sockeye salmon,BeringSea,Sockeye,salmon,35002,36,3.5002
metric_tons_wet,1987,Central AK_Sockeye salmon,CentralAK,Sockeye,salmon,13714,36,1.3714
metric_tons_wet,1987,SEAK_Sockeye salmon,SEAK,Sockeye,salmon,2028,36,0.2028
metric_tons_wet,1987,BCWC_Sockeye salmon,BCWC,Sockeye,salmon,19859,36,1.9859
metric_tons_wet,1987,Bering Sea_Chinook salmon,BeringSea,Chinook,salmon,3383,12,0.3383
metric_tons_wet,1987,Central AK_Chinook salmon,CentralAK,Chinook,salmon,1087,12,0.1087
metric_tons_wet,1987,SEAK_Chinook salmon,SEAK,Chinook,salmon,736,12,0.0736
metric_tons_wet,1987,BCWC_Chinook salmon,BCWC,Chinook,salmon,11374,12,1.1374
metric_tons_wet,1987,Bering Sea_Coho salmon,BeringSea,Coho,salmon,1617,12,0.1617
metric_tons_wet,1987,Central AK_Coho salmon,CentralAK,Coho,salmon,3047,12,0.3047
metric_tons_wet,1987,SEAK_Coho salmon,SEAK,Coho,salmon,2109,12,0.2109
metric_tons_wet,1987,BCWC_Coho salmon,BCWC,Coho,salmon,3691,12,0.3691
metric_tons_wet,1988,Bering Sea_Pink salmon,BeringSea,Pink,salmon,9044,37,0.9044
metric_tons_wet,1988,Central AK_Pink salmon,CentralAK,Pink,salmon,26832,37,2.6832
metric_tons_wet,1988,SEAK_Pink salmon,SEAK,Pink,salmon,19886,37,1.9886
metric_tons_wet,1988,BCWC_Pink salmon,BCWC,Pink,salmon,18502,37,1.8502
metric_tons_wet,1988,Bering Sea_Chum salmon,BeringSea,Chum,salmon,22836,37,2.2836
metric_tons_wet,1988,Central AK_Chum salmon,CentralAK,Chum,salmon,14305,37,1.4305
metric_tons_wet,1988,SEAK_Chum salmon,SEAK,Chum,salmon,13058,37,1.3058
metric_tons_wet,1988,BCWC_Chum salmon,BCWC,Chum,salmon,29819,37,2.9819
metric_tons_wet,1988,Bering Sea_Sockeye salmon,BeringSea,Sockeye,salmon,26486,37,2.6486
metric_tons_wet,1988,Central AK_Sockeye salmon,CentralAK,Sockeye,salmon,12010,37,1.201
metric_tons_wet,1988,SEAK_Sockeye salmon,SEAK,Sockeye,salmon,1451,37,0.1451
metric_tons_wet,1988,BCWC_Sockeye salmon,BCWC,Sockeye,salmon,15723,37,1.5723
metric_tons_wet,1988,Bering Sea_Chinook salmon,BeringSea,Chinook,salmon,2697,13,0.2697
metric_tons_wet,1988,Central AK_Chinook salmon,CentralAK,Chinook,salmon,1116,13,0.1116
metric_tons_wet,1988,SEAK_Chinook salmon,SEAK,Chinook,salmon,918,13,0.0918
metric_tons_wet,1988,BCWC_Chinook salmon,BCWC,Chinook,salmon,12838,13,1.2838
metric_tons_wet,1988,Bering Sea_Coho salmon,BeringSea,Coho,salmon,2545,13,0.2545
metric_tons_wet,1988,Central AK_Coho salmon,CentralAK,Coho,salmon,6692,13,0.6692
metric_tons_wet,1988,SEAK_Coho salmon,SEAK,Coho,salmon,1715,13,0.1715
metric_tons_wet,1988,BCWC_Coho salmon,BCWC,Coho,salmon,3733,13,0.3733
metric_tons_wet,1989,Bering Sea_Pink salmon,BeringSea,Pink,salmon,305,38,0.0305
metric_tons_wet,1989,Central AK_Pink salmon,CentralAK,Pink,salmon,41972,38,4.1972
metric_tons_wet,1989,SEAK_Pink salmon,SEAK,Pink,salmon,47360,38,4.736
metric_tons_wet,1989,BCWC_Pink salmon,BCWC,Pink,salmon,10080,38,1.008
metric_tons_wet,1989,Bering Sea_Chum salmon,BeringSea,Chum,salmon,17143,38,1.7143
metric_tons_wet,1989,Central AK_Chum salmon,CentralAK,Chum,salmon,10061,38,1.0061
metric_tons_wet,1989,SEAK_Chum salmon,SEAK,Chum,salmon,3903,38,0.3903
metric_tons_wet,1989,BCWC_Chum salmon,BCWC,Chum,salmon,34323,38,3.4323
metric_tons_wet,1989,Bering Sea_Sockeye salmon,BeringSea,Sockeye,salmon,43800,38,4.38
metric_tons_wet,1989,Central AK_Sockeye salmon,CentralAK,Sockeye,salmon,13508,38,1.3508
metric_tons_wet,1989,SEAK_Sockeye salmon,SEAK,Sockeye,salmon,2162,38,0.2162
metric_tons_wet,1989,BCWC_Sockeye salmon,BCWC,Sockeye,salmon,15447,38,1.5447
metric_tons_wet,1989,Bering Sea_Chinook salmon,BeringSea,Chinook,salmon,2923,14,0.2923
metric_tons_wet,1989,Central AK_Chinook salmon,CentralAK,Chinook,salmon,734,14,0.0734
metric_tons_wet,1989,SEAK_Chinook salmon,SEAK,Chinook,salmon,854,14,0.0854
metric_tons_wet,1989,BCWC_Chinook salmon,BCWC,Chinook,salmon,11402,14,1.1402
metric_tons_wet,1989,Bering Sea_Coho salmon,BeringSea,Coho,salmon,2498,14,0.2498
metric_tons_wet,1989,Central AK_Coho salmon,CentralAK,Coho,salmon,3861,14,0.3861
metric_tons_wet,1989,SEAK_Coho salmon,SEAK,Coho,salmon,2964,14,0.2964
metric_tons_wet,1989,BCWC_Coho salmon,BCWC,Coho,salmon,3666,14,0.3666
metric_tons_wet,1990,Bering Sea_Pink salmon,BeringSea,Pink,salmon,6717,39,0.6717
metric_tons_wet,1990,Central AK_Pink salmon,CentralAK,Pink,salmon,19917,39,1.9917
metric_tons_wet,1990,SEAK_Pink salmon,SEAK,Pink,salmon,35137,39,3.5137
metric_tons_wet,1990,BCWC_Pink salmon,BCWC,Pink,salmon,27064,39,2.7064
metric_tons_wet,1990,Bering Sea_Chum salmon,BeringSea,Chum,salmon,14037,39,1.4037
metric_tons_wet,1990,Central AK_Chum salmon,CentralAK,Chum,salmon,6116,39,0.6116
metric_tons_wet,1990,SEAK_Chum salmon,SEAK,Chum,salmon,5133,39,0.5133
metric_tons_wet,1990,BCWC_Chum salmon,BCWC,Chum,salmon,44752,39,4.4752
metric_tons_wet,1990,Bering Sea_Sockeye salmon,BeringSea,Sockeye,salmon,40261,39,4.0261
metric_tons_wet,1990,Central AK_Sockeye salmon,CentralAK,Sockeye,salmon,10591,39,1.0591
metric_tons_wet,1990,SEAK_Sockeye salmon,SEAK,Sockeye,salmon,2054,39,0.2054
metric_tons_wet,1990,BCWC_Sockeye salmon,BCWC,Sockeye,salmon,25072,39,2.5072
metric_tons_wet,1990,Bering Sea_Chinook salmon,BeringSea,Chinook,salmon,3506,15,0.3506
metric_tons_wet,1990,Central AK_Chinook salmon,CentralAK,Chinook,salmon,801,15,0.0801
metric_tons_wet,1990,SEAK_Chinook salmon,SEAK,Chinook,salmon,753,15,0.0753
metric_tons_wet,1990,BCWC_Chinook salmon,BCWC,Chinook,salmon,11955,15,1.1955
metric_tons_wet,1990,Bering Sea_Coho salmon,BeringSea,Coho,salmon,1663,15,0.1663
metric_tons_wet,1990,Central AK_Coho salmon,CentralAK,Coho,salmon,4851,15,0.4851
metric_tons_wet,1990,SEAK_Coho salmon,SEAK,Coho,salmon,3982,15,0.3982
metric_tons_wet,1990,BCWC_Coho salmon,BCWC,Coho,salmon,4519,15,0.4519
metric_tons_wet,1991,Bering Sea_Pink salmon,BeringSea,Pink,salmon,248,40,0.0248
metric_tons_wet,1991,Central AK_Pink salmon,CentralAK,Pink,salmon,24143,40,2.4143
metric_tons_wet,1991,SEAK_Pink salmon,SEAK,Pink,salmon,33522,40,3.3522
metric_tons_wet,1991,BCWC_Pink salmon,BCWC,Pink,salmon,35681,40,3.5681
metric_tons_wet,1991,Bering Sea_Chum salmon,BeringSea,Chum,salmon,15450,40,1.545
metric_tons_wet,1991,Central AK_Chum salmon,CentralAK,Chum,salmon,7105,40,0.7105
metric_tons_wet,1991,SEAK_Chum salmon,SEAK,Chum,salmon,4095,40,0.4095
metric_tons_wet,1991,BCWC_Chum salmon,BCWC,Chum,salmon,37375,40,3.7375
metric_tons_wet,1991,Bering Sea_Sockeye salmon,BeringSea,Sockeye,salmon,45900,40,4.59
metric_tons_wet,1991,Central AK_Sockeye salmon,CentralAK,Sockeye,salmon,15345,40,1.5345
metric_tons_wet,1991,SEAK_Sockeye salmon,SEAK,Sockeye,salmon,2066,40,0.2066
metric_tons_wet,1991,BCWC_Sockeye salmon,BCWC,Sockeye,salmon,19826,40,1.9826
metric_tons_wet,1991,Bering Sea_Chinook salmon,BeringSea,Chinook,salmon,4207,16,0.4207
metric_tons_wet,1991,Central AK_Chinook salmon,CentralAK,Chinook,salmon,743,16,0.0743
metric_tons_wet,1991,SEAK_Chinook salmon,SEAK,Chinook,salmon,766,16,0.0766
metric_tons_wet,1991,BCWC_Chinook salmon,BCWC,Chinook,salmon,10152,16,1.0152
metric_tons_wet,1991,Bering Sea_Coho salmon,BeringSea,Coho,salmon,2109,16,0.2109
metric_tons_wet,1991,Central AK_Coho salmon,CentralAK,Coho,salmon,5021,16,0.5021
metric_tons_wet,1991,SEAK_Coho salmon,SEAK,Coho,salmon,4438,16,0.4438
metric_tons_wet,1991,BCWC_Coho salmon,BCWC,Coho,salmon,4203,16,0.4203
metric_tons_wet,1992,Bering Sea_Pink salmon,BeringSea,Pink,salmon,4356,41,0.4356
metric_tons_wet,1992,Central AK_Pink salmon,CentralAK,Pink,salmon,19086,41,1.9086
metric_tons_wet,1992,SEAK_Pink salmon,SEAK,Pink,salmon,40792,41,4.0792
metric_tons_wet,1992,BCWC_Pink salmon,BCWC,Pink,salmon,21137,41,2.1137
metric_tons_wet,1992,Bering Sea_Chum salmon,BeringSea,Chum,salmon,13742,41,1.3742
metric_tons_wet,1992,Central AK_Chum salmon,CentralAK,Chum,salmon,6795,41,0.6795
metric_tons_wet,1992,SEAK_Chum salmon,SEAK,Chum,salmon,10286,41,1.0286
metric_tons_wet,1992,BCWC_Chum salmon,BCWC,Chum,salmon,41465,41,4.1465
metric_tons_wet,1992,Bering Sea_Sockeye salmon,BeringSea,Sockeye,salmon,35645,41,3.5645
metric_tons_wet,1992,Central AK_Sockeye salmon,CentralAK,Sockeye,salmon,14426,41,1.4426
metric_tons_wet,1992,SEAK_Sockeye salmon,SEAK,Sockeye,salmon,2510,41,0.251
metric_tons_wet,1992,BCWC_Sockeye salmon,BCWC,Sockeye,salmon,18294,41,1.8294
metric_tons_wet,1992,Bering Sea_Chinook salmon,BeringSea,Chinook,salmon,3709,17,0.3709
metric_tons_wet,1992,Central AK_Chinook salmon,CentralAK,Chinook,salmon,957,17,0.0957
metric_tons_wet,1992,SEAK_Chinook salmon,SEAK,Chinook,salmon,838,17,0.0838
metric_tons_wet,1992,BCWC_Chinook salmon,BCWC,Chinook,salmon,12225,17,1.2225
metric_tons_wet,1992,Bering Sea_Coho salmon,BeringSea,Coho,salmon,2859,17,0.2859
metric_tons_wet,1992,Central AK_Coho salmon,CentralAK,Coho,salmon,5792,17,0.5792
metric_tons_wet,1992,SEAK_Coho salmon,SEAK,Coho,salmon,5531,17,0.5531
metric_tons_wet,1992,BCWC_Coho salmon,BCWC,Coho,salmon,3069,17,0.3069
metric_tons_wet,1993,Bering Sea_Pink salmon,BeringSea,Pink,salmon,1388,42,0.1388
metric_tons_wet,1993,Central AK_Pink salmon,CentralAK,Pink,salmon,19114,42,1.9114
metric_tons_wet,1993,SEAK_Pink salmon,SEAK,Pink,salmon,40563,42,4.0563
metric_tons_wet,1993,BCWC_Pink salmon,BCWC,Pink,salmon,37791,42,3.7791
metric_tons_wet,1993,Bering Sea_Chum salmon,BeringSea,Chum,salmon,9898,42,0.9898
metric_tons_wet,1993,Central AK_Chum salmon,CentralAK,Chum,salmon,3643,42,0.3643
metric_tons_wet,1993,SEAK_Chum salmon,SEAK,Chum,salmon,8315,42,0.8315
metric_tons_wet,1993,BCWC_Chum salmon,BCWC,Chum,salmon,35265,42,3.5265
metric_tons_wet,1993,Bering Sea_Sockeye salmon,BeringSea,Sockeye,salmon,32876,42,3.2876
metric_tons_wet,1993,Central AK_Sockeye salmon,CentralAK,Sockeye,salmon,11811,42,1.1811
metric_tons_wet,1993,SEAK_Sockeye salmon,SEAK,Sockeye,salmon,2632,42,0.2632
metric_tons_wet,1993,BCWC_Sockeye salmon,BCWC,Sockeye,salmon,33262,42,3.3262
metric_tons_wet,1993,Bering Sea_Chinook salmon,BeringSea,Chinook,salmon,5065,18,0.5065
metric_tons_wet,1993,Central AK_Chinook salmon,CentralAK,Chinook,salmon,1122,18,0.1122
metric_tons_wet,1993,SEAK_Chinook salmon,SEAK,Chinook,salmon,1127,18,0.1127
metric_tons_wet,1993,BCWC_Chinook salmon,BCWC,Chinook,salmon,10983,18,1.0983
metric_tons_wet,1993,Bering Sea_Coho salmon,BeringSea,Coho,salmon,1753,18,0.1753
metric_tons_wet,1993,Central AK_Coho salmon,CentralAK,Coho,salmon,3663,18,0.3663
metric_tons_wet,1993,SEAK_Coho salmon,SEAK,Coho,salmon,4363,18,0.4363
metric_tons_wet,1993,BCWC_Coho salmon,BCWC,Coho,salmon,2793,18,0.2793
metric_tons_wet,1994,Bering Sea_Pink salmon,BeringSea,Pink,salmon,12946,43,1.2946
metric_tons_wet,1994,Central AK_Pink salmon,CentralAK,Pink,salmon,18168,43,1.8168
metric_tons_wet,1994,SEAK_Pink salmon,SEAK,Pink,salmon,47444,43,4.7444
metric_tons_wet,1994,BCWC_Pink salmon,BCWC,Pink,salmon,9197,43,0.9197
metric_tons_wet,1994,Bering Sea_Chum salmon,BeringSea,Chum,salmon,22125,43,2.2125
metric_tons_wet,1994,Central AK_Chum salmon,CentralAK,Chum,salmon,7519,43,0.7519
metric_tons_wet,1994,SEAK_Chum salmon,SEAK,Chum,salmon,12193,43,1.2193
metric_tons_wet,1994,BCWC_Chum salmon,BCWC,Chum,salmon,54230,43,5.423
metric_tons_wet,1994,Bering Sea_Sockeye salmon,BeringSea,Sockeye,salmon,42679,43,4.2679
metric_tons_wet,1994,Central AK_Sockeye salmon,CentralAK,Sockeye,salmon,17203,43,1.7203
metric_tons_wet,1994,SEAK_Sockeye salmon,SEAK,Sockeye,salmon,2012,43,0.2012
metric_tons_wet,1994,BCWC_Sockeye salmon,BCWC,Sockeye,salmon,19574,43,1.9574
metric_tons_wet,1994,Bering Sea_Chinook salmon,BeringSea,Chinook,salmon,6085,19,0.6085
metric_tons_wet,1994,Central AK_Chinook salmon,CentralAK,Chinook,salmon,984,19,0.0984
metric_tons_wet,1994,SEAK_Chinook salmon,SEAK,Chinook,salmon,813,19,0.0813
metric_tons_wet,1994,BCWC_Chinook salmon,BCWC,Chinook,salmon,10930,19,1.093
metric_tons_wet,1994,Bering Sea_Coho salmon,BeringSea,Coho,salmon,3152,19,0.3152
metric_tons_wet,1994,Central AK_Coho salmon,CentralAK,Coho,salmon,7156,19,0.7156
metric_tons_wet,1994,SEAK_Coho salmon,SEAK,Coho,salmon,8412,19,0.8412
metric_tons_wet,1994,BCWC_Coho salmon,BCWC,Coho,salmon,4683,19,0.4683
metric_tons_wet,1995,Bering Sea_Pink salmon,BeringSea,Pink,salmon,214,44,0.0214
metric_tons_wet,1995,Central AK_Pink salmon,CentralAK,Pink,salmon,47654,44,4.7654
metric_tons_wet,1995,SEAK_Pink salmon,SEAK,Pink,salmon,51968,44,5.1968
metric_tons_wet,1995,BCWC_Pink salmon,BCWC,Pink,salmon,40451,44,4.0451
metric_tons_wet,1995,Bering Sea_Chum salmon,BeringSea,Chum,salmon,27172,44,2.7172
metric_tons_wet,1995,Central AK_Chum salmon,CentralAK,Chum,salmon,9030,44,0.903
metric_tons_wet,1995,SEAK_Chum salmon,SEAK,Chum,salmon,14635,44,1.4635
metric_tons_wet,1995,BCWC_Chum salmon,BCWC,Chum,salmon,40793,44,4.0793
metric_tons_wet,1995,Bering Sea_Sockeye salmon,BeringSea,Sockeye,salmon,45254,44,4.5254
metric_tons_wet,1995,Central AK_Sockeye salmon,CentralAK,Sockeye,salmon,14039,44,1.4039
metric_tons_wet,1995,SEAK_Sockeye salmon,SEAK,Sockeye,salmon,1415,44,0.1415
metric_tons_wet,1995,BCWC_Sockeye salmon,BCWC,Sockeye,salmon,13541,44,1.3541
metric_tons_wet,1995,Bering Sea_Chinook salmon,BeringSea,Chinook,salmon,5842,20,0.5842
metric_tons_wet,1995,Central AK_Chinook salmon,CentralAK,Chinook,salmon,1295,20,0.1295
metric_tons_wet,1995,SEAK_Chinook salmon,SEAK,Chinook,salmon,678,20,0.0678
metric_tons_wet,1995,BCWC_Chinook salmon,BCWC,Chinook,salmon,9924,20,0.9924
metric_tons_wet,1995,Bering Sea_Coho salmon,BeringSea,Coho,salmon,1806,20,0.1806
metric_tons_wet,1995,Central AK_Coho salmon,CentralAK,Coho,salmon,6442,20,0.6442
metric_tons_wet,1995,SEAK_Coho salmon,SEAK,Coho,salmon,4967,20,0.4967
metric_tons_wet,1995,BCWC_Coho salmon,BCWC,Coho,salmon,3634,20,0.3634
metric_tons_wet,1996,Bering Sea_Pink salmon,BeringSea,Pink,salmon,6004,45,0.6004
metric_tons_wet,1996,Central AK_Pink salmon,CentralAK,Pink,salmon,21649,45,2.1649
metric_tons_wet,1996,SEAK_Pink salmon,SEAK,Pink,salmon,83036,45,8.3036
metric_tons_wet,1996,BCWC_Pink salmon,BCWC,Pink,salmon,29415,45,2.9415
metric_tons_wet,1996,Bering Sea_Chum salmon,BeringSea,Chum,salmon,30601,45,3.0601
metric_tons_wet,1996,Central AK_Chum salmon,CentralAK,Chum,salmon,8348,45,0.8348
metric_tons_wet,1996,SEAK_Chum salmon,SEAK,Chum,salmon,21449,45,2.1449
metric_tons_wet,1996,BCWC_Chum salmon,BCWC,Chum,salmon,38735,45,3.8735
metric_tons_wet,1996,Bering Sea_Sockeye salmon,BeringSea,Sockeye,salmon,27302,45,2.7302
metric_tons_wet,1996,Central AK_Sockeye salmon,CentralAK,Sockeye,salmon,14385,45,1.4385
metric_tons_wet,1996,SEAK_Sockeye salmon,SEAK,Sockeye,salmon,2053,45,0.2053
metric_tons_wet,1996,BCWC_Sockeye salmon,BCWC,Sockeye,salmon,19195,45,1.9195
metric_tons_wet,1996,Bering Sea_Chinook salmon,BeringSea,Chinook,salmon,4443,21,0.4443
metric_tons_wet,1996,Central AK_Chinook salmon,CentralAK,Chinook,salmon,893,21,0.0893
metric_tons_wet,1996,SEAK_Chinook salmon,SEAK,Chinook,salmon,1086,21,0.1086
metric_tons_wet,1996,BCWC_Chinook salmon,BCWC,Chinook,salmon,10902,21,1.0902
metric_tons_wet,1996,Bering Sea_Coho salmon,BeringSea,Coho,salmon,3632,21,0.3632
metric_tons_wet,1996,Central AK_Coho salmon,CentralAK,Coho,salmon,4163,21,0.4163
metric_tons_wet,1996,SEAK_Coho salmon,SEAK,Coho,salmon,4418,21,0.4418
metric_tons_wet,1996,BCWC_Coho salmon,BCWC,Coho,salmon,3154,21,0.3154
metric_tons_wet,1997,Bering Sea_Pink salmon,BeringSea,Pink,salmon,317,46,0.0317
metric_tons_wet,1997,Central AK_Pink salmon,CentralAK,Pink,salmon,33490,46,3.349
metric_tons_wet,1997,SEAK_Pink salmon,SEAK,Pink,salmon,64980,46,6.498
metric_tons_wet,1997,BCWC_Pink salmon,BCWC,Pink,salmon,25172,46,2.5172
metric_tons_wet,1997,Bering Sea_Chum salmon,BeringSea,Chum,salmon,14439,46,1.4439
metric_tons_wet,1997,Central AK_Chum salmon,CentralAK,Chum,salmon,12516,46,1.2516
metric_tons_wet,1997,SEAK_Chum salmon,SEAK,Chum,salmon,17658,46,1.7658
metric_tons_wet,1997,BCWC_Chum salmon,BCWC,Chum,salmon,28157,46,2.8157
metric_tons_wet,1997,Bering Sea_Sockeye salmon,BeringSea,Sockeye,salmon,18705,46,1.8705
metric_tons_wet,1997,Central AK_Sockeye salmon,CentralAK,Sockeye,salmon,15937,46,1.5937
metric_tons_wet,1997,SEAK_Sockeye salmon,SEAK,Sockeye,salmon,1781,46,0.1781
metric_tons_wet,1997,BCWC_Sockeye salmon,BCWC,Sockeye,salmon,19306,46,1.9306
metric_tons_wet,1997,Bering Sea_Chinook salmon,BeringSea,Chinook,salmon,5563,22,0.5563
metric_tons_wet,1997,Central AK_Chinook salmon,CentralAK,Chinook,salmon,877,22,0.0877
metric_tons_wet,1997,SEAK_Chinook salmon,SEAK,Chinook,salmon,1331,22,0.1331
metric_tons_wet,1997,BCWC_Chinook salmon,BCWC,Chinook,salmon,11622,22,1.1622
metric_tons_wet,1997,Bering Sea_Coho salmon,BeringSea,Coho,salmon,855,22,0.0855
metric_tons_wet,1997,Central AK_Coho salmon,CentralAK,Coho,salmon,1793,22,0.1793
metric_tons_wet,1997,SEAK_Coho salmon,SEAK,Coho,salmon,2801,22,0.2801
metric_tons_wet,1997,BCWC_Coho salmon,BCWC,Coho,salmon,3206,22,0.3206
metric_tons_wet,1998,Bering Sea_Pink salmon,BeringSea,Pink,salmon,6162,47,0.6162
metric_tons_wet,1998,Central AK_Pink salmon,CentralAK,Pink,salmon,37955,47,3.7955
metric_tons_wet,1998,SEAK_Pink salmon,SEAK,Pink,salmon,63489,47,6.3489
metric_tons_wet,1998,BCWC_Pink salmon,BCWC,Pink,salmon,13506,47,1.3506
metric_tons_wet,1998,Bering Sea_Chum salmon,BeringSea,Chum,salmon,15331,47,1.5331
metric_tons_wet,1998,Central AK_Chum salmon,CentralAK,Chum,salmon,10820,47,1.082
metric_tons_wet,1998,SEAK_Chum salmon,SEAK,Chum,salmon,25591,47,2.5591
metric_tons_wet,1998,BCWC_Chum salmon,BCWC,Chum,salmon,66657,47,6.6657
metric_tons_wet,1998,Bering Sea_Sockeye salmon,BeringSea,Sockeye,salmon,22280,47,2.228
metric_tons_wet,1998,Central AK_Sockeye salmon,CentralAK,Sockeye,salmon,15080,47,1.508
metric_tons_wet,1998,SEAK_Sockeye salmon,SEAK,Sockeye,salmon,1503,47,0.1503
metric_tons_wet,1998,BCWC_Sockeye salmon,BCWC,Sockeye,salmon,30516,47,3.0516
metric_tons_wet,1998,Bering Sea_Chinook salmon,BeringSea,Chinook,salmon,3848,23,0.3848
metric_tons_wet,1998,Central AK_Chinook salmon,CentralAK,Chinook,salmon,888,23,0.0888
metric_tons_wet,1998,SEAK_Chinook salmon,SEAK,Chinook,salmon,589,23,0.0589
metric_tons_wet,1998,BCWC_Chinook salmon,BCWC,Chinook,salmon,12607,23,1.2607
metric_tons_wet,1998,Bering Sea_Coho salmon,BeringSea,Coho,salmon,1417,23,0.1417
metric_tons_wet,1998,Central AK_Coho salmon,CentralAK,Coho,salmon,2591,23,0.2591
metric_tons_wet,1998,SEAK_Coho salmon,SEAK,Coho,salmon,4531,23,0.4531
metric_tons_wet,1998,BCWC_Coho salmon,BCWC,Coho,salmon,7650,23,0.765
metric_tons_wet,1999,Bering Sea_Pink salmon,BeringSea,Pink,salmon,161,48,0.0161
metric_tons_wet,1999,Central AK_Pink salmon,CentralAK,Pink,salmon,32435,48,3.2435
metric_tons_wet,1999,SEAK_Pink salmon,SEAK,Pink,salmon,102468,48,10.2468
metric_tons_wet,1999,BCWC_Pink salmon,BCWC,Pink,salmon,22293,48,2.2293
metric_tons_wet,1999,Bering Sea_Chum salmon,BeringSea,Chum,salmon,16689,48,1.6689
metric_tons_wet,1999,Central AK_Chum salmon,CentralAK,Chum,salmon,11322,48,1.1322
metric_tons_wet,1999,SEAK_Chum salmon,SEAK,Chum,salmon,24769,48,2.4769
metric_tons_wet,1999,BCWC_Chum salmon,BCWC,Chum,salmon,35645,48,3.5645
metric_tons_wet,1999,Bering Sea_Sockeye salmon,BeringSea,Sockeye,salmon,40503,48,4.0503
metric_tons_wet,1999,Central AK_Sockeye salmon,CentralAK,Sockeye,salmon,16442,48,1.6442
metric_tons_wet,1999,SEAK_Sockeye salmon,SEAK,Sockeye,salmon,1685,48,0.1685
metric_tons_wet,1999,BCWC_Sockeye salmon,BCWC,Sockeye,salmon,13382,48,1.3382
metric_tons_wet,1999,Bering Sea_Chinook salmon,BeringSea,Chinook,salmon,3213,24,0.3213
metric_tons_wet,1999,Central AK_Chinook salmon,CentralAK,Chinook,salmon,962,24,0.0962
metric_tons_wet,1999,SEAK_Chinook salmon,SEAK,Chinook,salmon,445,24,0.0445
metric_tons_wet,1999,BCWC_Chinook salmon,BCWC,Chinook,salmon,9675,24,0.9675
metric_tons_wet,1999,Bering Sea_Coho salmon,BeringSea,Coho,salmon,218,24,0.0218
metric_tons_wet,1999,Central AK_Coho salmon,CentralAK,Coho,salmon,2292,24,0.2292
metric_tons_wet,1999,SEAK_Coho salmon,SEAK,Coho,salmon,4234,24,0.4234
metric_tons_wet,1999,BCWC_Coho salmon,BCWC,Coho,salmon,5592,24,0.5592
metric_tons_wet,2000,Bering Sea_Pink salmon,BeringSea,Pink,salmon,3310,49,0.331
metric_tons_wet,2000,Central AK_Pink salmon,CentralAK,Pink,salmon,30689,49,3.0689
metric_tons_wet,2000,SEAK_Pink salmon,SEAK,Pink,salmon,47317,49,4.7317
metric_tons_wet,2000,BCWC_Pink salmon,BCWC,Pink,salmon,25344,49,2.5344
metric_tons_wet,2000,Bering Sea_Chum salmon,BeringSea,Chum,salmon,10734,49,1.0734
metric_tons_wet,2000,Central AK_Chum salmon,CentralAK,Chum,salmon,12565,49,1.2565
metric_tons_wet,2000,SEAK_Chum salmon,SEAK,Chum,salmon,30923,49,3.0923
metric_tons_wet,2000,BCWC_Chum salmon,BCWC,Chum,salmon,25485,49,2.5485
metric_tons_wet,2000,Bering Sea_Sockeye salmon,BeringSea,Sockeye,salmon,30237,49,3.0237
metric_tons_wet,2000,Central AK_Sockeye salmon,CentralAK,Sockeye,salmon,22912,49,2.2912
metric_tons_wet,2000,SEAK_Sockeye salmon,SEAK,Sockeye,salmon,1152,49,0.1152
metric_tons_wet,2000,BCWC_Sockeye salmon,BCWC,Sockeye,salmon,23502,49,2.3502
metric_tons_wet,2000,Bering Sea_Chinook salmon,BeringSea,Chinook,salmon,1908,25,0.1908
metric_tons_wet,2000,Central AK_Chinook salmon,CentralAK,Chinook,salmon,514,25,0.0514
metric_tons_wet,2000,SEAK_Chinook salmon,SEAK,Chinook,salmon,631,25,0.0631
metric_tons_wet,2000,BCWC_Chinook salmon,BCWC,Chinook,salmon,10471,25,1.0471
metric_tons_wet,2000,Bering Sea_Coho salmon,BeringSea,Coho,salmon,997,25,0.0997
metric_tons_wet,2000,Central AK_Coho salmon,CentralAK,Coho,salmon,4653,25,0.4653
metric_tons_wet,2000,SEAK_Coho salmon,SEAK,Coho,salmon,2695,25,0.2695
metric_tons_wet,2000,BCWC_Coho salmon,BCWC,Coho,salmon,6455,25,0.6455
metric_tons_wet,2001,Bering Sea_Pink salmon,BeringSea,Pink,salmon,206,50,0.0206
metric_tons_wet,2001,Central AK_Pink salmon,CentralAK,Pink,salmon,29307,50,2.9307
metric_tons_wet,2001,SEAK_Pink salmon,SEAK,Pink,salmon,72274,50,7.2274
metric_tons_wet,2001,BCWC_Pink salmon,BCWC,Pink,salmon,36304,50,3.6304
metric_tons_wet,2001,Bering Sea_Chum salmon,BeringSea,Chum,salmon,19206,50,1.9206
metric_tons_wet,2001,Central AK_Chum salmon,CentralAK,Chum,salmon,12869,50,1.2869
metric_tons_wet,2001,SEAK_Chum salmon,SEAK,Chum,salmon,14182,50,1.4182
metric_tons_wet,2001,BCWC_Chum salmon,BCWC,Chum,salmon,40441,50,4.0441
metric_tons_wet,2001,Bering Sea_Sockeye salmon,BeringSea,Sockeye,salmon,30350,50,3.035
metric_tons_wet,2001,Central AK_Sockeye salmon,CentralAK,Sockeye,salmon,19551,50,1.9551
metric_tons_wet,2001,SEAK_Sockeye salmon,SEAK,Sockeye,salmon,1506,50,0.1506
metric_tons_wet,2001,BCWC_Sockeye salmon,BCWC,Sockeye,salmon,27273,50,2.7273
metric_tons_wet,2001,Bering Sea_Chinook salmon,BeringSea,Chinook,salmon,5005,26,0.5005
metric_tons_wet,2001,Central AK_Chinook salmon,CentralAK,Chinook,salmon,716,26,0.0716
metric_tons_wet,2001,SEAK_Chinook salmon,SEAK,Chinook,salmon,1082,26,0.1082
metric_tons_wet,2001,BCWC_Chinook salmon,BCWC,Chinook,salmon,19927,26,1.9927
metric_tons_wet,2001,Bering Sea_Coho salmon,BeringSea,Coho,salmon,624,26,0.0624
metric_tons_wet,2001,Central AK_Coho salmon,CentralAK,Coho,salmon,3917,26,0.3917
metric_tons_wet,2001,SEAK_Coho salmon,SEAK,Coho,salmon,4308,26,0.4308
metric_tons_wet,2001,BCWC_Coho salmon,BCWC,Coho,salmon,10830,26,1.083
metric_tons_wet,2002,Bering Sea_Pink salmon,BeringSea,Pink,salmon,4360,51,0.436
metric_tons_wet,2002,Central AK_Pink salmon,CentralAK,Pink,salmon,32069,51,3.2069
metric_tons_wet,2002,SEAK_Pink salmon,SEAK,Pink,salmon,80724,51,8.0724
metric_tons_wet,2002,BCWC_Pink salmon,BCWC,Pink,salmon,17890,51,1.789
metric_tons_wet,2002,Bering Sea_Chum salmon,BeringSea,Chum,salmon,18643,51,1.8643
metric_tons_wet,2002,Central AK_Chum salmon,CentralAK,Chum,salmon,9694,51,0.9694
metric_tons_wet,2002,SEAK_Chum salmon,SEAK,Chum,salmon,13484,51,1.3484
metric_tons_wet,2002,BCWC_Chum salmon,BCWC,Chum,salmon,39799,51,3.9799
metric_tons_wet,2002,Bering Sea_Sockeye salmon,BeringSea,Sockeye,salmon,18101,51,1.8101
metric_tons_wet,2002,Central AK_Sockeye salmon,CentralAK,Sockeye,salmon,17977,51,1.7977
metric_tons_wet,2002,SEAK_Sockeye salmon,SEAK,Sockeye,salmon,1481,51,0.1481
metric_tons_wet,2002,BCWC_Sockeye salmon,BCWC,Sockeye,salmon,46661,51,4.6661
metric_tons_wet,2002,Bering Sea_Chinook salmon,BeringSea,Chinook,salmon,3968,27,0.3968
metric_tons_wet,2002,Central AK_Chinook salmon,CentralAK,Chinook,salmon,730,27,0.073
metric_tons_wet,2002,SEAK_Chinook salmon,SEAK,Chinook,salmon,966,27,0.0966
metric_tons_wet,2002,BCWC_Chinook salmon,BCWC,Chinook,salmon,18944,27,1.8944
metric_tons_wet,2002,Bering Sea_Coho salmon,BeringSea,Coho,salmon,538,27,0.0538
metric_tons_wet,2002,Central AK_Coho salmon,CentralAK,Coho,salmon,4854,27,0.4854
metric_tons_wet,2002,SEAK_Coho salmon,SEAK,Coho,salmon,4737,27,0.4737
metric_tons_wet,2002,BCWC_Coho salmon,BCWC,Coho,salmon,10512,27,1.0512
metric_tons_wet,2003,Bering Sea_Pink salmon,BeringSea,Pink,salmon,988,52,0.0988
metric_tons_wet,2003,Central AK_Pink salmon,CentralAK,Pink,salmon,45123,52,4.5123
metric_tons_wet,2003,SEAK_Pink salmon,SEAK,Pink,salmon,70246,52,7.0246
metric_tons_wet,2003,BCWC_Pink salmon,BCWC,Pink,salmon,53763,52,5.3763
metric_tons_wet,2003,Bering Sea_Chum salmon,BeringSea,Chum,salmon,20783,52,2.0783
metric_tons_wet,2003,Central AK_Chum salmon,CentralAK,Chum,salmon,12610,52,1.261
metric_tons_wet,2003,SEAK_Chum salmon,SEAK,Chum,salmon,9581,52,0.9581
metric_tons_wet,2003,BCWC_Chum salmon,BCWC,Chum,salmon,27539,52,2.7539
metric_tons_wet,2003,Bering Sea_Sockeye salmon,BeringSea,Sockeye,salmon,28877,52,2.8877
metric_tons_wet,2003,Central AK_Sockeye salmon,CentralAK,Sockeye,salmon,27467,52,2.7467
metric_tons_wet,2003,SEAK_Sockeye salmon,SEAK,Sockeye,salmon,2330,52,0.233
metric_tons_wet,2003,BCWC_Sockeye salmon,BCWC,Sockeye,salmon,20450,52,2.045
metric_tons_wet,2003,Bering Sea_Chinook salmon,BeringSea,Chinook,salmon,4847,28,0.4847
metric_tons_wet,2003,Central AK_Chinook salmon,CentralAK,Chinook,salmon,801,28,0.0801
metric_tons_wet,2003,SEAK_Chinook salmon,SEAK,Chinook,salmon,772,28,0.0772
metric_tons_wet,2003,BCWC_Chinook salmon,BCWC,Chinook,salmon,19577,28,1.9577
metric_tons_wet,2003,Bering Sea_Coho salmon,BeringSea,Coho,salmon,1066,28,0.1066
metric_tons_wet,2003,Central AK_Coho salmon,CentralAK,Coho,salmon,3004,28,0.3004
metric_tons_wet,2003,SEAK_Coho salmon,SEAK,Coho,salmon,3405,28,0.3405
metric_tons_wet,2003,BCWC_Coho salmon,BCWC,Coho,salmon,8970,28,0.897
metric_tons_wet,2004,Bering Sea_Pink salmon,BeringSea,Pink,salmon,11560,53,1.156
metric_tons_wet,2004,Central AK_Pink salmon,CentralAK,Pink,salmon,51922,53,5.1922
metric_tons_wet,2004,SEAK_Pink salmon,SEAK,Pink,salmon,65992,53,6.5992
metric_tons_wet,2004,BCWC_Pink salmon,BCWC,Pink,salmon,15108,53,1.5108
metric_tons_wet,2004,Bering Sea_Chum salmon,BeringSea,Chum,salmon,18381,53,1.8381
metric_tons_wet,2004,Central AK_Chum salmon,CentralAK,Chum,salmon,10765,53,1.0765
metric_tons_wet,2004,SEAK_Chum salmon,SEAK,Chum,salmon,15355,53,1.5355
metric_tons_wet,2004,BCWC_Chum salmon,BCWC,Chum,salmon,41470,53,4.147
metric_tons_wet,2004,Bering Sea_Sockeye salmon,BeringSea,Sockeye,salmon,42169,53,4.2169
metric_tons_wet,2004,Central AK_Sockeye salmon,CentralAK,Sockeye,salmon,18073,53,1.8073
metric_tons_wet,2004,SEAK_Sockeye salmon,SEAK,Sockeye,salmon,1713,53,0.1713
metric_tons_wet,2004,BCWC_Sockeye salmon,BCWC,Sockeye,salmon,20425,53,2.0425
metric_tons_wet,2004,Bering Sea_Chinook salmon,BeringSea,Chinook,salmon,5524,29,0.5524
metric_tons_wet,2004,Central AK_Chinook salmon,CentralAK,Chinook,salmon,852,29,0.0852
metric_tons_wet,2004,SEAK_Chinook salmon,SEAK,Chinook,salmon,1011,29,0.1011
metric_tons_wet,2004,BCWC_Chinook salmon,BCWC,Chinook,salmon,16062,29,1.6062
metric_tons_wet,2004,Bering Sea_Coho salmon,BeringSea,Coho,salmon,1428,29,0.1428
metric_tons_wet,2004,Central AK_Coho salmon,CentralAK,Coho,salmon,4692,29,0.4692
metric_tons_wet,2004,SEAK_Coho salmon,SEAK,Coho,salmon,4217,29,0.4217
metric_tons_wet,2004,BCWC_Coho salmon,BCWC,Coho,salmon,9838,29,0.9838
metric_tons_wet,2005,Bering Sea_Pink salmon,BeringSea,Pink,salmon,4007,54,0.4007
metric_tons_wet,2005,Central AK_Pink salmon,CentralAK,Pink,salmon,51245,54,5.1245
metric_tons_wet,2005,SEAK_Pink salmon,SEAK,Pink,salmon,79550,54,7.955
metric_tons_wet,2005,BCWC_Pink salmon,BCWC,Pink,salmon,67627,54,6.7627
metric_tons_wet,2005,Bering Sea_Chum salmon,BeringSea,Chum,salmon,31700,54,3.17
metric_tons_wet,2005,Central AK_Chum salmon,CentralAK,Chum,salmon,10025,54,1.0025
metric_tons_wet,2005,SEAK_Chum salmon,SEAK,Chum,salmon,25755,54,2.5755
metric_tons_wet,2005,BCWC_Chum salmon,BCWC,Chum,salmon,33633,54,3.3633
metric_tons_wet,2005,Bering Sea_Sockeye salmon,BeringSea,Sockeye,salmon,38563,54,3.8563
metric_tons_wet,2005,Central AK_Sockeye salmon,CentralAK,Sockeye,salmon,17283,54,1.7283
metric_tons_wet,2005,SEAK_Sockeye salmon,SEAK,Sockeye,salmon,1667,54,0.1667
metric_tons_wet,2005,BCWC_Sockeye salmon,BCWC,Sockeye,salmon,22162,54,2.2162
metric_tons_wet,2005,Bering Sea_Chinook salmon,BeringSea,Chinook,salmon,4919,30,0.4919
metric_tons_wet,2005,Central AK_Chinook salmon,CentralAK,Chinook,salmon,762,30,0.0762
metric_tons_wet,2005,SEAK_Chinook salmon,SEAK,Chinook,salmon,648,30,0.0648
metric_tons_wet,2005,BCWC_Chinook salmon,BCWC,Chinook,salmon,11012,30,1.1012
metric_tons_wet,2005,Bering Sea_Coho salmon,BeringSea,Coho,salmon,636,30,0.0636
metric_tons_wet,2005,Central AK_Coho salmon,CentralAK,Coho,salmon,3231,30,0.3231
metric_tons_wet,2005,SEAK_Coho salmon,SEAK,Coho,salmon,3562,30,0.3562
metric_tons_wet,2005,BCWC_Coho salmon,BCWC,Coho,salmon,6258,30,0.6258
metric_tons_wet,2006,Bering Sea_Pink salmon,BeringSea,Pink,salmon,5854,55,0.5854
metric_tons_wet,2006,Central AK_Pink salmon,CentralAK,Pink,salmon,27732,55,2.7732
metric_tons_wet,2006,SEAK_Pink salmon,SEAK,Pink,salmon,46937,55,4.6937
metric_tons_wet,2006,BCWC_Pink salmon,BCWC,Pink,salmon,6332,55,0.6332
metric_tons_wet,2006,Bering Sea_Chum salmon,BeringSea,Chum,salmon,20612,55,2.0612
metric_tons_wet,2006,Central AK_Chum salmon,CentralAK,Chum,salmon,12353,55,1.2353
metric_tons_wet,2006,SEAK_Chum salmon,SEAK,Chum,salmon,18398,55,1.8398
metric_tons_wet,2006,BCWC_Chum salmon,BCWC,Chum,salmon,34283,55,3.4283
metric_tons_wet,2006,Bering Sea_Sockeye salmon,BeringSea,Sockeye,salmon,28482,55,2.8482
metric_tons_wet,2006,Central AK_Sockeye salmon,CentralAK,Sockeye,salmon,16752,55,1.6752
metric_tons_wet,2006,SEAK_Sockeye salmon,SEAK,Sockeye,salmon,1903,55,0.1903
metric_tons_wet,2006,BCWC_Sockeye salmon,BCWC,Sockeye,salmon,29753,55,2.9753
metric_tons_wet,2006,Bering Sea_Chinook salmon,BeringSea,Chinook,salmon,4085,31,0.4085
metric_tons_wet,2006,Central AK_Chinook salmon,CentralAK,Chinook,salmon,616,31,0.0616
metric_tons_wet,2006,SEAK_Chinook salmon,SEAK,Chinook,salmon,617,31,0.0617
metric_tons_wet,2006,BCWC_Chinook salmon,BCWC,Chinook,salmon,12974,31,1.2974
metric_tons_wet,2006,Bering Sea_Coho salmon,BeringSea,Coho,salmon,891,31,0.0891
metric_tons_wet,2006,Central AK_Coho salmon,CentralAK,Coho,salmon,4672,31,0.4672
metric_tons_wet,2006,SEAK_Coho salmon,SEAK,Coho,salmon,2777,31,0.2777
metric_tons_wet,2006,BCWC_Coho salmon,BCWC,Coho,salmon,5391,31,0.5391
metric_tons_wet,2007,Bering Sea_Pink salmon,BeringSea,Pink,salmon,2868,56,0.2868
metric_tons_wet,2007,Central AK_Pink salmon,CentralAK,Pink,salmon,38338,56,3.8338
metric_tons_wet,2007,SEAK_Pink salmon,SEAK,Pink,salmon,71991,56,7.1991
metric_tons_wet,2007,BCWC_Pink salmon,BCWC,Pink,salmon,35380,56,3.538
metric_tons_wet,2007,Bering Sea_Chum salmon,BeringSea,Chum,salmon,20000,56,2
metric_tons_wet,2007,Central AK_Chum salmon,CentralAK,Chum,salmon,10657,56,1.0657
metric_tons_wet,2007,SEAK_Chum salmon,SEAK,Chum,salmon,8535,56,0.8535
metric_tons_wet,2007,BCWC_Chum salmon,BCWC,Chum,salmon,25403,56,2.5403
metric_tons_wet,2007,Bering Sea_Sockeye salmon,BeringSea,Sockeye,salmon,27661,56,2.7661
metric_tons_wet,2007,Central AK_Sockeye salmon,CentralAK,Sockeye,salmon,12983,56,1.2983
metric_tons_wet,2007,SEAK_Sockeye salmon,SEAK,Sockeye,salmon,1564,56,0.1564
metric_tons_wet,2007,BCWC_Sockeye salmon,BCWC,Sockeye,salmon,9256,56,0.9256
metric_tons_wet,2007,Bering Sea_Chinook salmon,BeringSea,Chinook,salmon,2450,32,0.245
metric_tons_wet,2007,Central AK_Chinook salmon,CentralAK,Chinook,salmon,641,32,0.0641
metric_tons_wet,2007,SEAK_Chinook salmon,SEAK,Chinook,salmon,315,32,0.0315
metric_tons_wet,2007,BCWC_Chinook salmon,BCWC,Chinook,salmon,7656,32,0.7656
metric_tons_wet,2007,Bering Sea_Coho salmon,BeringSea,Coho,salmon,744,32,0.0744
metric_tons_wet,2007,Central AK_Coho salmon,CentralAK,Coho,salmon,2887,32,0.2887
metric_tons_wet,2007,SEAK_Coho salmon,SEAK,Coho,salmon,2493,32,0.2493
metric_tons_wet,2007,BCWC_Coho salmon,BCWC,Coho,salmon,4373,32,0.4373
metric_tons_wet,2008,Bering Sea_Pink salmon,BeringSea,Pink,salmon,5427,57,0.5427
metric_tons_wet,2008,Central AK_Pink salmon,CentralAK,Pink,salmon,21903,57,2.1903
metric_tons_wet,2008,SEAK_Pink salmon,SEAK,Pink,salmon,39888,57,3.9888
metric_tons_wet,2008,BCWC_Pink salmon,BCWC,Pink,salmon,6875,57,0.6875
metric_tons_wet,2008,Bering Sea_Chum salmon,BeringSea,Chum,salmon,19255,57,1.9255
metric_tons_wet,2008,Central AK_Chum salmon,CentralAK,Chum,salmon,6759,57,0.6759
metric_tons_wet,2008,SEAK_Chum salmon,SEAK,Chum,salmon,7019,57,0.7019
metric_tons_wet,2008,BCWC_Chum salmon,BCWC,Chum,salmon,20238,57,2.0238
metric_tons_wet,2008,Bering Sea_Sockeye salmon,BeringSea,Sockeye,salmon,29117,57,2.9117
metric_tons_wet,2008,Central AK_Sockeye salmon,CentralAK,Sockeye,salmon,10209,57,1.0209
metric_tons_wet,2008,SEAK_Sockeye salmon,SEAK,Sockeye,salmon,931,57,0.0931
metric_tons_wet,2008,BCWC_Sockeye salmon,BCWC,Sockeye,salmon,11760,57,1.176
metric_tons_wet,2008,Bering Sea_Chinook salmon,BeringSea,Chinook,salmon,1908,33,0.1908
metric_tons_wet,2008,Central AK_Chinook salmon,CentralAK,Chinook,salmon,417,33,0.0417
metric_tons_wet,2008,SEAK_Chinook salmon,SEAK,Chinook,salmon,421,33,0.0421
metric_tons_wet,2008,BCWC_Chinook salmon,BCWC,Chinook,salmon,9133,33,0.9133
metric_tons_wet,2008,Bering Sea_Coho salmon,BeringSea,Coho,salmon,1143,33,0.1143
metric_tons_wet,2008,Central AK_Coho salmon,CentralAK,Coho,salmon,4257,33,0.4257
metric_tons_wet,2008,SEAK_Coho salmon,SEAK,Coho,salmon,3683,33,0.3683
metric_tons_wet,2008,BCWC_Coho salmon,BCWC,Coho,salmon,5467,33,0.5467
metric_tons_wet,2009,Bering Sea_Pink salmon,BeringSea,Pink,salmon,1232,58,0.1232
metric_tons_wet,2009,Central AK_Pink salmon,CentralAK,Pink,salmon,23836,58,2.3836
metric_tons_wet,2009,SEAK_Pink salmon,SEAK,Pink,salmon,46516,58,4.6516
metric_tons_wet,2009,BCWC_Pink salmon,BCWC,Pink,salmon,44392,58,4.4392
metric_tons_wet,2009,Bering Sea_Chum salmon,BeringSea,Chum,salmon,17395,58,1.7395
metric_tons_wet,2009,Central AK_Chum salmon,CentralAK,Chum,salmon,7460,58,0.746
metric_tons_wet,2009,SEAK_Chum salmon,SEAK,Chum,salmon,6219,58,0.6219
metric_tons_wet,2009,BCWC_Chum salmon,BCWC,Chum,salmon,23219,58,2.3219
metric_tons_wet,2009,Bering Sea_Sockeye salmon,BeringSea,Sockeye,salmon,27278,58,2.7278
metric_tons_wet,2009,Central AK_Sockeye salmon,CentralAK,Sockeye,salmon,12366,58,1.2366
metric_tons_wet,2009,SEAK_Sockeye salmon,SEAK,Sockeye,salmon,1481,58,0.1481
metric_tons_wet,2009,BCWC_Sockeye salmon,BCWC,Sockeye,salmon,9633,58,0.9633
metric_tons_wet,2009,Bering Sea_Chinook salmon,BeringSea,Chinook,salmon,1868,34,0.1868
metric_tons_wet,2009,Central AK_Chinook salmon,CentralAK,Chinook,salmon,259,34,0.0259
metric_tons_wet,2009,SEAK_Chinook salmon,SEAK,Chinook,salmon,350,34,0.035
metric_tons_wet,2009,BCWC_Chinook salmon,BCWC,Chinook,salmon,8201,34,0.8201
metric_tons_wet,2009,Bering Sea_Coho salmon,BeringSea,Coho,salmon,666,34,0.0666
metric_tons_wet,2009,Central AK_Coho salmon,CentralAK,Coho,salmon,3227,34,0.3227
metric_tons_wet,2009,SEAK_Coho salmon,SEAK,Coho,salmon,3256,34,0.3256
metric_tons_wet,2009,BCWC_Coho salmon,BCWC,Coho,salmon,9569,34,0.9569
metric_tons_wet,2010,Bering Sea_Pink salmon,BeringSea,Pink,salmon,5390,59,0.539
metric_tons_wet,2010,Central AK_Pink salmon,CentralAK,Pink,salmon,18444,59,1.8444
metric_tons_wet,2010,SEAK_Pink salmon,SEAK,Pink,salmon,54972,59,5.4972
metric_tons_wet,2010,BCWC_Pink salmon,BCWC,Pink,salmon,13491,59,1.3491
metric_tons_wet,2010,Bering Sea_Chum salmon,BeringSea,Chum,salmon,23153,59,2.3153
metric_tons_wet,2010,Central AK_Chum salmon,CentralAK,Chum,salmon,5403,59,0.5403
metric_tons_wet,2010,SEAK_Chum salmon,SEAK,Chum,salmon,8431,59,0.8431
metric_tons_wet,2010,BCWC_Chum salmon,BCWC,Chum,salmon,17516,59,1.7516
metric_tons_wet,2010,Bering Sea_Sockeye salmon,BeringSea,Sockeye,salmon,22684,59,2.2684
metric_tons_wet,2010,Central AK_Sockeye salmon,CentralAK,Sockeye,salmon,15062,59,1.5062
metric_tons_wet,2010,SEAK_Sockeye salmon,SEAK,Sockeye,salmon,1392,59,0.1392
metric_tons_wet,2010,BCWC_Sockeye salmon,BCWC,Sockeye,salmon,56382,59,5.6382
metric_tons_wet,2010,Bering Sea_Chinook salmon,BeringSea,Chinook,salmon,1172,35,0.1172
metric_tons_wet,2010,Central AK_Chinook salmon,CentralAK,Chinook,salmon,386,35,0.0386
metric_tons_wet,2010,SEAK_Chinook salmon,SEAK,Chinook,salmon,447,35,0.0447
metric_tons_wet,2010,BCWC_Chinook salmon,BCWC,Chinook,salmon,8342,35,0.8342
metric_tons_wet,2010,Bering Sea_Coho salmon,BeringSea,Coho,salmon,547,35,0.0547
metric_tons_wet,2010,Central AK_Coho salmon,CentralAK,Coho,salmon,3072,35,0.3072
metric_tons_wet,2010,SEAK_Coho salmon,SEAK,Coho,salmon,3777,35,0.3777
metric_tons_wet,2010,BCWC_Coho salmon,BCWC,Coho,salmon,7172,35,0.7172
metric_tons_wet,2011,Bering Sea_Pink salmon,BeringSea,Pink,salmon,1464,60,0.1464
metric_tons_wet,2011,Central AK_Pink salmon,CentralAK,Pink,salmon,25677,60,2.5677
metric_tons_wet,2011,SEAK_Pink salmon,SEAK,Pink,salmon,74271,60,7.4271
metric_tons_wet,2011,BCWC_Pink salmon,BCWC,Pink,salmon,45427,60,4.5427
metric_tons_wet,2011,Bering Sea_Chum salmon,BeringSea,Chum,salmon,29547,60,2.9547
metric_tons_wet,2011,Central AK_Chum salmon,CentralAK,Chum,salmon,10334,60,1.0334
metric_tons_wet,2011,SEAK_Chum salmon,SEAK,Chum,salmon,7245,60,0.7245
metric_tons_wet,2011,BCWC_Chum salmon,BCWC,Chum,salmon,34085,60,3.4085
metric_tons_wet,2011,Bering Sea_Sockeye salmon,BeringSea,Sockeye,salmon,19612,60,1.9612
metric_tons_wet,2011,Central AK_Sockeye salmon,CentralAK,Sockeye,salmon,18994,60,1.8994
metric_tons_wet,2011,SEAK_Sockeye salmon,SEAK,Sockeye,salmon,1726,60,0.1726
metric_tons_wet,2011,BCWC_Sockeye salmon,BCWC,Sockeye,salmon,22145,60,2.2145
metric_tons_wet,2011,Bering Sea_Chinook salmon,BeringSea,Chinook,salmon,1372,36,0.1372
metric_tons_wet,2011,Central AK_Chinook salmon,CentralAK,Chinook,salmon,413,36,0.0413
metric_tons_wet,2011,SEAK_Chinook salmon,SEAK,Chinook,salmon,323,36,0.0323
metric_tons_wet,2011,BCWC_Chinook salmon,BCWC,Chinook,salmon,9607,36,0.9607
metric_tons_wet,2011,Bering Sea_Coho salmon,BeringSea,Coho,salmon,328,36,0.0328
metric_tons_wet,2011,Central AK_Coho salmon,CentralAK,Coho,salmon,1971,36,0.1971
metric_tons_wet,2011,SEAK_Coho salmon,SEAK,Coho,salmon,2679,36,0.2679
metric_tons_wet,2011,BCWC_Coho salmon,BCWC,Coho,salmon,7338,36,0.7338
metric_tons_wet,2012,Bering Sea_Pink salmon,BeringSea,Pink,salmon,4369,61,0.4369
metric_tons_wet,2012,Central AK_Pink salmon,CentralAK,Pink,salmon,16033,61,1.6033
metric_tons_wet,2012,SEAK_Pink salmon,SEAK,Pink,salmon,45334,61,4.5334
metric_tons_wet,2012,BCWC_Pink salmon,BCWC,Pink,salmon,14458,61,1.4458
metric_tons_wet,2012,Bering Sea_Chum salmon,BeringSea,Chum,salmon,29548,61,2.9548
metric_tons_wet,2012,Central AK_Chum salmon,CentralAK,Chum,salmon,8488,61,0.8488
metric_tons_wet,2012,SEAK_Chum salmon,SEAK,Chum,salmon,9371,61,0.9371
metric_tons_wet,2012,BCWC_Chum salmon,BCWC,Chum,salmon,25834,61,2.5834
metric_tons_wet,2012,Bering Sea_Sockeye salmon,BeringSea,Sockeye,salmon,20091,61,2.0091
metric_tons_wet,2012,Central AK_Sockeye salmon,CentralAK,Sockeye,salmon,19289,61,1.9289
metric_tons_wet,2012,SEAK_Sockeye salmon,SEAK,Sockeye,salmon,1906,61,0.1906
metric_tons_wet,2012,BCWC_Sockeye salmon,BCWC,Sockeye,salmon,14043,61,1.4043
metric_tons_wet,2012,Bering Sea_Chinook salmon,BeringSea,Chinook,salmon,1535,37,0.1535
metric_tons_wet,2012,Central AK_Chinook salmon,CentralAK,Chinook,salmon,308,37,0.0308
metric_tons_wet,2012,SEAK_Chinook salmon,SEAK,Chinook,salmon,291,37,0.0291
metric_tons_wet,2012,BCWC_Chinook salmon,BCWC,Chinook,salmon,8804,37,0.8804
metric_tons_wet,2012,Bering Sea_Coho salmon,BeringSea,Coho,salmon,750,37,0.075
metric_tons_wet,2012,Central AK_Coho salmon,CentralAK,Coho,salmon,1540,37,0.154
metric_tons_wet,2012,SEAK_Coho salmon,SEAK,Coho,salmon,2587,37,0.2587
metric_tons_wet,2012,BCWC_Coho salmon,BCWC,Coho,salmon,5804,37,0.5804
metric_tons_wet,2013,Bering Sea_Pink salmon,BeringSea,Pink,salmon,1428,62,0.1428
metric_tons_wet,2013,Central AK_Pink salmon,CentralAK,Pink,salmon,37784,62,3.7784
metric_tons_wet,2013,SEAK_Pink salmon,SEAK,Pink,salmon,93344,62,9.3344
metric_tons_wet,2013,BCWC_Pink salmon,BCWC,Pink,salmon,52819,62,5.2819
metric_tons_wet,2013,Bering Sea_Chum salmon,BeringSea,Chum,salmon,28495,62,2.8495
metric_tons_wet,2013,Central AK_Chum salmon,CentralAK,Chum,salmon,9414,62,0.9414
metric_tons_wet,2013,SEAK_Chum salmon,SEAK,Chum,salmon,8661,62,0.8661
metric_tons_wet,2013,BCWC_Chum salmon,BCWC,Chum,salmon,20619,62,2.0619
metric_tons_wet,2013,Bering Sea_Sockeye salmon,BeringSea,Sockeye,salmon,22159,62,2.2159
metric_tons_wet,2013,Central AK_Sockeye salmon,CentralAK,Sockeye,salmon,19353,62,1.9353
metric_tons_wet,2013,SEAK_Sockeye salmon,SEAK,Sockeye,salmon,1607,62,0.1607
metric_tons_wet,2013,BCWC_Sockeye salmon,BCWC,Sockeye,salmon,15283,62,1.5283
metric_tons_wet,2013,Bering Sea_Chinook salmon,BeringSea,Chinook,salmon,1275,38,0.1275
metric_tons_wet,2013,Central AK_Chinook salmon,CentralAK,Chinook,salmon,428,38,0.0428
metric_tons_wet,2013,SEAK_Chinook salmon,SEAK,Chinook,salmon,323,38,0.0323
metric_tons_wet,2013,BCWC_Chinook salmon,BCWC,Chinook,salmon,12473,38,1.2473
metric_tons_wet,2013,Bering Sea_Coho salmon,BeringSea,Coho,salmon,857,38,0.0857
metric_tons_wet,2013,Central AK_Coho salmon,CentralAK,Coho,salmon,3925,38,0.3925
metric_tons_wet,2013,SEAK_Coho salmon,SEAK,Coho,salmon,4884,38,0.4884
metric_tons_wet,2013,BCWC_Coho salmon,BCWC,Coho,salmon,6061,38,0.6061
metric_tons_wet,2014,Bering Sea_Pink salmon,BeringSea,Pink,salmon,4746,63,0.4746
metric_tons_wet,2014,Central AK_Pink salmon,CentralAK,Pink,salmon,15925,63,1.5925
metric_tons_wet,2014,SEAK_Pink salmon,SEAK,Pink,salmon,56754,63,5.6754
metric_tons_wet,2014,BCWC_Pink salmon,BCWC,Pink,salmon,27234,63,2.7234
metric_tons_wet,2014,Bering Sea_Chum salmon,BeringSea,Chum,salmon,28089,63,2.8089
metric_tons_wet,2014,Central AK_Chum salmon,CentralAK,Chum,salmon,6210,63,0.621
metric_tons_wet,2014,SEAK_Chum salmon,SEAK,Chum,salmon,12937,63,1.2937
metric_tons_wet,2014,BCWC_Chum salmon,BCWC,Chum,salmon,25476,63,2.5476
metric_tons_wet,2014,Bering Sea_Sockeye salmon,BeringSea,Sockeye,salmon,30113,63,3.0113
metric_tons_wet,2014,Central AK_Sockeye salmon,CentralAK,Sockeye,salmon,18452,63,1.8452
metric_tons_wet,2014,SEAK_Sockeye salmon,SEAK,Sockeye,salmon,1547,63,0.1547
metric_tons_wet,2014,BCWC_Sockeye salmon,BCWC,Sockeye,salmon,37780,63,3.778
metric_tons_wet,2014,Bering Sea_Chinook salmon,BeringSea,Chinook,salmon,1448,39,0.1448
metric_tons_wet,2014,Central AK_Chinook salmon,CentralAK,Chinook,salmon,296,39,0.0296
metric_tons_wet,2014,SEAK_Chinook salmon,SEAK,Chinook,salmon,383,39,0.0383
metric_tons_wet,2014,BCWC_Chinook salmon,BCWC,Chinook,salmon,10759,39,1.0759
metric_tons_wet,2014,Bering Sea_Coho salmon,BeringSea,Coho,salmon,1065,39,0.1065
metric_tons_wet,2014,Central AK_Coho salmon,CentralAK,Coho,salmon,4385,39,0.4385
metric_tons_wet,2014,SEAK_Coho salmon,SEAK,Coho,salmon,5500,39,0.55
metric_tons_wet,2014,BCWC_Coho salmon,BCWC,Coho,salmon,5925,39,0.5925
metric_tons_wet,2015,Bering Sea_Pink salmon,BeringSea,Pink,salmon,1594,64,0.1594
metric_tons_wet,2015,Central AK_Pink salmon,CentralAK,Pink,salmon,61611,64,6.1611
metric_tons_wet,2015,SEAK_Pink salmon,SEAK,Pink,salmon,50047,64,5.0047
metric_tons_wet,2015,BCWC_Pink salmon,BCWC,Pink,salmon,53491,64,5.3491
metric_tons_wet,2015,Bering Sea_Chum salmon,BeringSea,Chum,salmon,22296,64,2.2296
metric_tons_wet,2015,Central AK_Chum salmon,CentralAK,Chum,salmon,10381,64,1.0381
metric_tons_wet,2015,SEAK_Chum salmon,SEAK,Chum,salmon,14222,64,1.4222
metric_tons_wet,2015,BCWC_Chum salmon,BCWC,Chum,salmon,20212,64,2.0212
metric_tons_wet,2015,Bering Sea_Sockeye salmon,BeringSea,Sockeye,salmon,48564,64,4.8564
metric_tons_wet,2015,Central AK_Sockeye salmon,CentralAK,Sockeye,salmon,21718,64,2.1718
metric_tons_wet,2015,SEAK_Sockeye salmon,SEAK,Sockeye,salmon,1540,64,0.154
metric_tons_wet,2015,BCWC_Sockeye salmon,BCWC,Sockeye,salmon,6403,64,0.6403
metric_tons_wet,2015,Bering Sea_Chinook salmon,BeringSea,Chinook,salmon,1606,40,0.1606
metric_tons_wet,2015,Central AK_Chinook salmon,CentralAK,Chinook,salmon,622,40,0.0622
metric_tons_wet,2015,SEAK_Chinook salmon,SEAK,Chinook,salmon,377,40,0.0377
metric_tons_wet,2015,BCWC_Chinook salmon,BCWC,Chinook,salmon,8765,40,0.8765
metric_tons_wet,2015,Bering Sea_Coho salmon,BeringSea,Coho,salmon,584,40,0.0584
metric_tons_wet,2015,Central AK_Coho salmon,CentralAK,Coho,salmon,2893,40,0.2893
metric_tons_wet,2015,SEAK_Coho salmon,SEAK,Coho,salmon,2925,40,0.2925
metric_tons_wet,2015,BCWC_Coho salmon,BCWC,Coho,salmon,4692,40,0.4692
