type,authors,publication_year,data_collection_period,species,old_region,region,specific_location,n,sample_type,chemical,mean_concentration,concentration_units,mean_concentration_standardized,concentration_units_standardized,tissue,notes,doi_or_link,sex,fa_class
contaminant,AK Dept of Environmental Conservation,2019,2001-2018,Chum,Alaska,AK,NA,50,Individual,PCBs,1.88,ng/g ww,0.00188,mg/kg ww,Fillet,NA,https://dec.alaska.gov/media/18734/pcb-in-alaska-fish.pdf,NA,NA
contaminant,AK Dept of Environmental Conservation,2019,2001-2018,Chum,Alaska,AK,NA,2,Individual,PCBs,2.79,ng/g ww,0.00279,mg/kg ww,Whole Body,NA,https://dec.alaska.gov/media/18734/pcb-in-alaska-fish.pdf,NA,NA
contaminant,AK Dept of Environmental Conservation,2019,2001-2018,Coho,Alaska,AK,NA,113,Individual,PCBs,1.37,ng/g ww,0.00137,mg/kg ww,Fillet,NA,https://dec.alaska.gov/media/18734/pcb-in-alaska-fish.pdf,NA,NA
contaminant,AK Dept of Environmental Conservation,2019,2001-2018,Coho,Alaska,AK,NA,58,Individual,PCBs,3.66,ng/g ww,0.00366,mg/kg ww,Whole Body,NA,https://dec.alaska.gov/media/18734/pcb-in-alaska-fish.pdf,NA,NA
contaminant,AK Dept of Environmental Conservation,2019,2001-2018,Chinook,Alaska,AK,NA,79,Individual,PCBs,11.65,ng/g ww,0.01165,mg/kg ww,Fillet,NA,https://dec.alaska.gov/media/18734/pcb-in-alaska-fish.pdf,NA,NA
contaminant,AK Dept of Environmental Conservation,2019,2001-2018,Chinook,Alaska,AK,NA,15,Individual,PCBs,17.19,ng/g ww,0.01719,mg/kg ww,Whole Body,NA,https://dec.alaska.gov/media/18734/pcb-in-alaska-fish.pdf,NA,NA
contaminant,AK Dept of Environmental Conservation,2019,2001-2018,Pink,Alaska,AK,NA,33,Individual,PCBs,1.06,ng/g ww,0.00106,mg/kg ww,Fillet,NA,https://dec.alaska.gov/media/18734/pcb-in-alaska-fish.pdf,NA,NA
contaminant,AK Dept of Environmental Conservation,2019,2001-2018,Sockeye,Alaska,AK,NA,68,Individual,PCBs,6.56,ng/g ww,0.00656,mg/kg ww,Fillet,NA,https://dec.alaska.gov/media/18734/pcb-in-alaska-fish.pdf,NA,NA
contaminant,AK Dept of Environmental Conservation,2019,2001-2018,Sockeye,Alaska,AK,NA,20,Individual,PCBs,7.13,ng/g ww,0.00713,mg/kg ww,Whole Body,NA,https://dec.alaska.gov/media/18734/pcb-in-alaska-fish.pdf,NA,NA
contaminant,AK Dept of Environmental Conservation,2019,2001-2018,Sockeye,Alaska,AK,NA,6,Composite,PCBs,8.47,ng/g ww,0.00847,mg/kg ww,Whole Body,NA,https://dec.alaska.gov/media/18734/pcb-in-alaska-fish.pdf,NA,NA
contaminant,Bloom,1992,NA,Chinook,Alaska,AK,Store-bought,10,Individual,Hg,0.039,mg/kg ww,0.039,mg/kg ww,Fillet,NA,10.1139/f92-113,NA,NA
contaminant,Burger et al.,2007,2004-2005,Sockeye,Alaska,Central AK,Aleutian Islands,15,Individual,Hg,0.042,mg/kg ww,0.042,mg/kg ww,Fillet,NA,10.1016/j.scitotenv.2007.05.004,NA,NA
contaminant,Dabeka et al.,2004,2002,Sockeye,Canada,BC/WC,Store-bought,2,Individual,Hg,0.038,mg/kg ww,0.038,mg/kg ww,Fillet,NA,10.1080/02652030410001670184,NA,NA
contaminant,Dabeka et al.,2004,2002,Chinook,Canada,BC/WC,Store-bought,3,Individual,Hg,0.053,mg/kg ww,0.053,mg/kg ww,Fillet,NA,10.1080/02652030410001670184,NA,NA
contaminant,Easton et al.,2002,2000,Chinook,Alaska,AK,Store-bought,1,Individual,Hg,0.0559,mg/kg ww,0.0559,mg/kg ww,Fillet+Skin,NA,10.1126/science.1091447,NA,NA
contaminant,Easton et al.,2002,2000,Chum,Alaska,AK,Store-bought,1,Individual,Hg,0.0264,mg/kg ww,0.0264,mg/kg ww,Fillet+Skin,NA,10.1126/science.1091447,NA,NA
contaminant,Easton et al.,2002,2000,Sockeye,British Columbia,BC/WC,Store-bought,1,Individual,Hg,0.072,mg/kg ww,0.072,mg/kg ww,Fillet+Skin,NA,10.1126/science.1091447,NA,NA
contaminant,Easton et al.,2002,2000,Sockeye,British Columbia,BC/WC,Store-bought,1,Individual,Hg,0.0436,mg/kg ww,0.0436,mg/kg ww,Fillet+Skin,NA,10.1126/science.1091447,NA,NA
contaminant,Easton et al.,2002,2000,Chinook,Alaska,AK,Store-bought,1,Individual,PCBs,8.58,ng/g ww,0.00858,mg/kg ww,Fillet+Skin,112 Congeners,10.1126/science.1091447,NA,NA
contaminant,Easton et al.,2002,2000,Chum,Alaska,AK,Store-bought,1,Individual,PCBs,1.88,ng/g ww,0.00188,mg/kg ww,Fillet+Skin,112 Congeners,10.1126/science.1091447,NA,NA
contaminant,Easton et al.,2002,2000,Sockeye,British Columbia,BC/WC,Store-bought,1,Individual,PCBs,5.945,ng/g ww,0.005945,mg/kg ww,Fillet+Skin,112 Congeners,10.1126/science.1091447,NA,NA
contaminant,Easton et al.,2002,2000,Sockeye,British Columbia,BC/WC,Store-bought,1,Individual,PCBs,4.792,ng/g ww,0.004792,mg/kg ww,Fillet+Skin,112 Congeners,10.1126/science.1091447,NA,NA
contaminant,Easton et al.,2002,2000,Chinook,Alaska,AK,Store-bought,1,Individual,DDTs,8.59,ng/g ww,0.00859,mg/kg ww,Fillet+Skin,"Sum of p,p'-DDT, o,p'-DDT,  p,p'-DDE, o,p'-DDE, p,p'-DDD, o,p'-DDD",10.1016/S0045-6535(01)00136-9,NA,NA
contaminant,Easton et al.,2002,2000,Chum,Alaska,AK,Store-bought,1,Individual,DDTs,1.7,ng/g ww,0.0017,mg/kg ww,Fillet+Skin,"Sum of p,p'-DDT, o,p'-DDT,  p,p'-DDE, o,p'-DDE, p,p'-DDD, o,p'-DDD",10.1016/S0045-6535(01)00136-9,NA,NA
contaminant,Easton et al.,2002,2000,Sockeye,British Columbia,BC/WC,Store-bought,1,Individual,DDTs,6.7,ng/g ww,0.0067,mg/kg ww,Fillet+Skin,"Sum of p,p'-DDT, o,p'-DDT,  p,p'-DDE, o,p'-DDE, p,p'-DDD, o,p'-DDD",10.1016/S0045-6535(01)00136-9,NA,NA
contaminant,Easton et al.,2002,2000,Sockeye,British Columbia,BC/WC,Store-bought,1,Individual,DDTs,5.57,ng/g ww,0.00557,mg/kg ww,Fillet+Skin,"Sum of p,p'-DDT, o,p'-DDT,  p,p'-DDE, o,p'-DDE, p,p'-DDD, o,p'-DDD",10.1016/S0045-6535(01)00136-9,NA,NA
contaminant,Easton et al.,2002,2000-2001,Chinook,Alaska,AK,Store-bought,1,Individual,PBDEs,0.485,ng/g ww,4.85E-04,mg/kg ww,Fillet+Skin,Sum of 39 congeners (specific congeners not provided),10.1016/S0045-6535(01)00136-9,NA,NA
contaminant,Easton et al.,2002,2000-2001,Chum,Alaska,AK,Store-bought,1,Individual,PBDEs,0.039,ng/g ww,3.90E-05,mg/kg ww,Fillet+Skin,Sum of 39 congeners (specific congeners not provided),10.1016/S0045-6535(01)00136-9,NA,NA
contaminant,Easton et al.,2002,2000-2001,Sockeye,British Columbia,BC/WC,Store-bought,1,Individual,PBDEs,0.095,ng/g ww,9.50E-05,mg/kg ww,Fillet+Skin,Sum of 39 congeners (specific congeners not provided),10.1016/S0045-6535(01)00136-9,NA,NA
contaminant,Easton et al.,2002,2000-2001,Sockeye,British Columbia,BC/WC,Store-bought,1,Individual,PBDEs,0.093,ng/g ww,9.30E-05,mg/kg ww,Fillet+Skin,Sum of 39 congeners (specific congeners not provided),10.1016/S0045-6535(01)00136-9,NA,NA
contaminant,Hall et al.,1978,1974,Chinook,USA,BC/WC,US Coastline,108,Individual,Hg,0.062,mg/kg ww,0.062,mg/kg ww,Fillet,NA,https://books.google.com/books?hl=en&lr=&id=fPEGGfLt-xwC&oi=fnd&pg=PA1&dq=hall+et+al.+1978+mercury+fish&ots=zg7HSHCYjw&sig=sFhO5Q5s2Liwfzmu_mdSwxQd2wg#v=onepage&q=hall%20et%20al.%201978%20mercury%20fish&f=false,NA,NA
contaminant,Hall et al.,1978,1974,Chum,USA,BC/WC,US Coastline,55,Individual,Hg,0.044,mg/kg ww,0.044,mg/kg ww,Fillet,NA,https://books.google.com/books?hl=en&lr=&id=fPEGGfLt-xwC&oi=fnd&pg=PA1&dq=hall+et+al.+1978+mercury+fish&ots=zg7HSHCYjw&sig=sFhO5Q5s2Liwfzmu_mdSwxQd2wg#v=onepage&q=hall%20et%20al.%201978%20mercury%20fish&f=false,NA,NA
contaminant,Hall et al.,1978,1974,Coho,USA,BC/WC,US Coastline,69,Individual,Hg,0.055,mg/kg ww,0.055,mg/kg ww,Fillet,NA,https://books.google.com/books?hl=en&lr=&id=fPEGGfLt-xwC&oi=fnd&pg=PA1&dq=hall+et+al.+1978+mercury+fish&ots=zg7HSHCYjw&sig=sFhO5Q5s2Liwfzmu_mdSwxQd2wg#v=onepage&q=hall%20et%20al.%201978%20mercury%20fish&f=false,NA,NA
contaminant,Hall et al.,1978,1974,Pink,USA,BC/WC,US Coastline,29,Individual,Hg,0.025,mg/kg ww,0.025,mg/kg ww,Fillet,NA,https://books.google.com/books?hl=en&lr=&id=fPEGGfLt-xwC&oi=fnd&pg=PA1&dq=hall+et+al.+1978+mercury+fish&ots=zg7HSHCYjw&sig=sFhO5Q5s2Liwfzmu_mdSwxQd2wg#v=onepage&q=hall%20et%20al.%201978%20mercury%20fish&f=false,NA,NA
contaminant,Hall et al.,1978,1974,Sockeye,USA,BC/WC,US Coastline,60,Individual,Hg,0.04,mg/kg ww,0.04,mg/kg ww,Fillet,NA,https://books.google.com/books?hl=en&lr=&id=fPEGGfLt-xwC&oi=fnd&pg=PA1&dq=hall+et+al.+1978+mercury+fish&ots=zg7HSHCYjw&sig=sFhO5Q5s2Liwfzmu_mdSwxQd2wg#v=onepage&q=hall%20et%20al.%201978%20mercury%20fish&f=false,NA,NA
contaminant,Health Canada,2007,2002-2004,Chinook,Canada,BC/WC,Store-bought,29,Individual,Hg,0.05,mg/kg ww,0.05,mg/kg ww,Fillet,NA,https://www.canada.ca/content/dam/hc-sc/migration/hc-sc/fn-an/alt_formats/hpfb-dgpsa/pdf/nutrition/merc_fish_poisson-eng.pdf,NA,NA
contaminant,Health Canada,2007,2002-2004,Chum,Canada,BC/WC,Store-bought,18,Individual,Hg,0.02,mg/kg ww,0.02,mg/kg ww,Fillet,NA,https://www.canada.ca/content/dam/hc-sc/migration/hc-sc/fn-an/alt_formats/hpfb-dgpsa/pdf/nutrition/merc_fish_poisson-eng.pdf,NA,NA
contaminant,Health Canada,2007,2002-2004,Coho,Canada,BC/WC,Store-bought,3,Individual,Hg,0.02,mg/kg ww,0.02,mg/kg ww,Fillet,NA,https://www.canada.ca/content/dam/hc-sc/migration/hc-sc/fn-an/alt_formats/hpfb-dgpsa/pdf/nutrition/merc_fish_poisson-eng.pdf,NA,NA
contaminant,Health Canada,2007,2002-2004,Pink,Canada,BC/WC,Store-bought,1,Individual,Hg,0.02,mg/kg ww,0.02,mg/kg ww,Fillet,NA,https://www.canada.ca/content/dam/hc-sc/migration/hc-sc/fn-an/alt_formats/hpfb-dgpsa/pdf/nutrition/merc_fish_poisson-eng.pdf,NA,NA
contaminant,Health Canada,2007,2002-2004,Sockeye,Canada,BC/WC,Store-bought,15,Individual,Hg,0.03,mg/kg ww,0.03,mg/kg ww,Fillet,NA,https://www.canada.ca/content/dam/hc-sc/migration/hc-sc/fn-an/alt_formats/hpfb-dgpsa/pdf/nutrition/merc_fish_poisson-eng.pdf,NA,NA
contaminant,Hites et al.,2004b,2001-2002,Chinook,British Columbia,BC/WC,Store-bought,3,Composite,PBDEs,4.19,ng/g ww,0.00419,mg/kg ww,Fillet+Skin,"Sum of PBDE congeners 1, 2, 3, 7, 8, 10, 11, 12, 13, 15, 17, 25, 28, 30, 32, 33, 35, 37, 47, 49, 66, 71, 75, 77, 85, 99, 100, 105, 116, 119, 126, 138, 140, 153, 154, 155, 166, 181, 183, 190, 206, 207, and 208",10.1021/es049548m,NA,NA
contaminant,Hites et al.,2004b,2001-2002,Pink,British Columbia,BC/WC,Store-bought,3,Composite,PBDEs,0.44,ng/g ww,4.40E-04,mg/kg ww,Fillet+Skin,"Sum of PBDE congeners 1, 2, 3, 7, 8, 10, 11, 12, 13, 15, 17, 25, 28, 30, 32, 33, 35, 37, 47, 49, 66, 71, 75, 77, 85, 99, 100, 105, 116, 119, 126, 138, 140, 153, 154, 155, 166, 181, 183, 190, 206, 207, and 208",10.1021/es049548m,NA,NA
contaminant,Hites et al.,2004,NA,Chinook,Alaska,AK,Store-bought,3,Composite,DDTs,5.3,ng/g ww,0.0053,mg/kg ww,Fillet+Skin,"Sum of p,p'-DDT, o,p'-DDT,  p,p'-DDE, o,p'-DDE, p,p'-DDD, o,p'-DDD",10.1126/science.1091447,NA,NA
contaminant,Hites et al.,2004,NA,Chum,Alaska,AK,Store-bought,3,Composite,DDTs,1.22,ng/g ww,0.00122,mg/kg ww,Fillet+Skin,"Sum of p,p'-DDT, o,p'-DDT,  p,p'-DDE, o,p'-DDE, p,p'-DDD, o,p'-DDD",10.1126/science.1091447,NA,NA
contaminant,Hites et al.,2004,NA,Coho,Alaska,AK,Store-bought,3,Composite,DDTs,1.95,ng/g ww,0.00195,mg/kg ww,Fillet+Skin,"Sum of p,p'-DDT, o,p'-DDT,  p,p'-DDE, o,p'-DDE, p,p'-DDD, o,p'-DDD",10.1126/science.1091447,NA,NA
contaminant,Hites et al.,2004,NA,Pink,Alaska,AK,Store-bought,3,Composite,DDTs,1.42,ng/g ww,0.00142,mg/kg ww,Fillet+Skin,"Sum of p,p'-DDT, o,p'-DDT,  p,p'-DDE, o,p'-DDE, p,p'-DDD, o,p'-DDD",10.1126/science.1091447,NA,NA
contaminant,Hites et al.,2004,NA,Sockeye,Alaska (Kodiak),Central AK,Store-bought,3,Composite,DDTs,2.84,ng/g ww,0.00284,mg/kg ww,Fillet+Skin,"Sum of p,p'-DDT, o,p'-DDT,  p,p'-DDE, o,p'-DDE, p,p'-DDD, o,p'-DDD",10.1126/science.1091447,NA,NA
contaminant,Hites et al.,2004,NA,Chum,Alaska,SEAK,Store-bought,3,Composite,DDTs,1.49,ng/g ww,0.00149,mg/kg ww,Fillet+Skin,"Sum of p,p'-DDT, o,p'-DDT,  p,p'-DDE, o,p'-DDE, p,p'-DDD, o,p'-DDD",10.1126/science.1091447,NA,NA
contaminant,Hites et al.,2004,NA,Coho,Alaska,SEAK,Store-bought,3,Composite,DDTs,2.36,ng/g ww,0.00236,mg/kg ww,Fillet+Skin,"Sum of p,p'-DDT, o,p'-DDT,  p,p'-DDE, o,p'-DDE, p,p'-DDD, o,p'-DDD",10.1126/science.1091447,NA,NA
contaminant,Hites et al.,2004,NA,Pink,Alaska,SEAK,Store-bought,3,Composite,DDTs,1.35,ng/g ww,0.00135,mg/kg ww,Fillet+Skin,"Sum of p,p'-DDT, o,p'-DDT,  p,p'-DDE, o,p'-DDE, p,p'-DDD, o,p'-DDD",10.1126/science.1091447,NA,NA
contaminant,Hites et al.,2004,NA,Sockeye,Alaska,SEAK,Store-bought,3,Composite,DDTs,5.78,ng/g ww,0.00578,mg/kg ww,Fillet+Skin,"Sum of p,p'-DDT, o,p'-DDT,  p,p'-DDE, o,p'-DDE, p,p'-DDD, o,p'-DDD",10.1126/science.1091447,NA,NA
contaminant,Hites et al.,2004,NA,Chinook,British Columbia,BC/WC,Store-bought,3,Composite,DDTs,11.48,ng/g ww,0.01148,mg/kg ww,Fillet+Skin,"Sum of p,p'-DDT, o,p'-DDT,  p,p'-DDE, o,p'-DDE, p,p'-DDD, o,p'-DDD",10.1126/science.1091447,NA,NA
contaminant,Hites et al.,2004,NA,Chum,British Columbia,BC/WC,Store-bought,3,Composite,DDTs,1.8,ng/g ww,0.0018,mg/kg ww,Fillet+Skin,"Sum of p,p'-DDT, o,p'-DDT,  p,p'-DDE, o,p'-DDE, p,p'-DDD, o,p'-DDD",10.1126/science.1091447,NA,NA
contaminant,Hites et al.,2004,NA,Coho,British Columbia,BC/WC,Store-bought,3,Composite,DDTs,3.43,ng/g ww,0.00343,mg/kg ww,Fillet+Skin,"Sum of p,p'-DDT, o,p'-DDT,  p,p'-DDE, o,p'-DDE, p,p'-DDD, o,p'-DDD",10.1126/science.1091447,NA,NA
contaminant,Hites et al.,2004,NA,Pink,British Columbia,BC/WC,Store-bought,3,Composite,DDTs,2.94,ng/g ww,0.00294,mg/kg ww,Fillet+Skin,"Sum of p,p'-DDT, o,p'-DDT,  p,p'-DDE, o,p'-DDE, p,p'-DDD, o,p'-DDD",10.1126/science.1091447,NA,NA
contaminant,Hites et al.,2004,NA,Sockeye,British Columbia,BC/WC,Store-bought,3,Composite,DDTs,6.35,ng/g ww,0.00635,mg/kg ww,Fillet+Skin,"Sum of p,p'-DDT, o,p'-DDT,  p,p'-DDE, o,p'-DDE, p,p'-DDD, o,p'-DDD",10.1126/science.1091447,NA,NA
contaminant,Hites et al.,2004,NA,Chinook,Oregon,BC/WC,Store-bought,3,Composite,DDTs,12.7,ng/g ww,0.0127,mg/kg ww,Fillet+Skin,"Sum of p,p'-DDT, o,p'-DDT,  p,p'-DDE, o,p'-DDE, p,p'-DDD, o,p'-DDD",10.1126/science.1091447,NA,NA
contaminant,Hites et al.,2004,NA,Chinook,British Columbia,BC/WC,Store-bought,3,Composite,PCBs,15.1,ng/g ww,0.0151,mg/kg ww,Fillet+Skin,NA,10.1126/science.1091447,NA,NA
contaminant,Keefer et al.,2020,2013-2014,Chinook,Oregon,BC/WC,Willamette River,63,Individual,PCBs,12.7,ng/g ww,0.0127,mg/kg ww,Fillet+Skin,45 Congeners,10.1007/s10641-019-00944-w,NA,NA
contaminant,Keefer et al.,2020,2013-2014,Chinook,Oregon,BC/WC,Willamette River,63,Individual,DDTs,17.6,ng/g ww,0.0176,mg/kg ww,Fillet+Skin,"Sum of p,p'-DDT, o,p'-DDT,  p,p'-DDE, o,p'-DDE, p,p'-DDD, o,p'-DDD",10.1007/s10641-019-00944-w,NA,NA
contaminant,Kelly et al.,2008,2003,Chinook,British Columbia,BC/WC,WCVI Barkley Sound,10,Individual,Hg,0.086,mg/kg ww,0.086,mg/kg ww,Fillet,NA,10.1897/07-527.1,NA,NA
contaminant,Kelly et al.,2008,2003,Chinook,British Columbia,BC/WC,WCVI Troll,11,Individual,Hg,0.066,mg/kg ww,0.066,mg/kg ww,Fillet,NA,10.1897/07-527.1,NA,NA
contaminant,Kelly et al.,2008,2003,Chum,British Columbia,BC/WC,Johnstone Strait,12,Individual,Hg,0.02,mg/kg ww,0.02,mg/kg ww,Fillet,NA,10.1897/07-527.1,NA,NA
contaminant,Kelly et al.,2008,2003,Coho,British Columbia,BC/WC,Nootka Sound,10,Individual,Hg,0.04,mg/kg ww,0.04,mg/kg ww,Fillet,NA,10.1897/07-527.1,NA,NA
contaminant,Kelly et al.,2008,2003,Coho,British Columbia,BC/WC,Prince Rupert,12,Individual,Hg,0.025,mg/kg ww,0.025,mg/kg ww,Fillet,NA,10.1897/07-527.1,NA,NA
contaminant,Kelly et al.,2008,2003,Coho,British Columbia,BC/WC,WCVI Troll,13,Individual,Hg,0.043,mg/kg ww,0.043,mg/kg ww,Fillet,NA,10.1897/07-527.1,NA,NA
contaminant,Kelly et al.,2008,2003,Pink,British Columbia,BC/WC,Johnstone Strait,10,Individual,Hg,0.013,mg/kg ww,0.013,mg/kg ww,Fillet,NA,10.1897/07-527.1,NA,NA
contaminant,Kelly et al.,2008,2003,Sockeye,British Columbia,BC/WC,Johnstone Strait,11,Individual,Hg,0.038,mg/kg ww,0.038,mg/kg ww,Fillet,NA,10.1897/07-527.1,NA,NA
contaminant,Kelly et al.,2011b,2007,Sockeye,British Columbia,BC/WC,Fraser River,6,Composite,Hg,0.021,mg/kg ww,0.021,mg/kg ww,Fillet,NA,10.1002/etc.410,NA,NA
contaminant,Kelly et al.,2011b,2007,Sockeye,British Columbia,BC/WC,Fraser River,6,Composite,Hg,0.02,mg/kg ww,0.02,mg/kg ww,Fillet,NA,10.1002/etc.410,NA,NA
contaminant,Kelly et al.,2011b,2007,Chinook,British Columbia,BC/WC,Fraser River,4,Composite,Hg,0.02,mg/kg ww,0.02,mg/kg ww,Fillet,NA,10.1002/etc.410,NA,NA
contaminant,Kelly et al.,2011b,2007,Chinook,British Columbia,BC/WC,Fraser River,10,Composite,Hg,0.02,mg/kg ww,0.02,mg/kg ww,Fillet,NA,10.1002/etc.410,NA,NA
contaminant,Kelly et al.,2011b,2007,Sockeye,British Columbia,BC/WC,Fraser River,8,Composite,PCBs,7.216,ng/g ww,0.007216,mg/kg ww,Fillet,139 Congeners,10.1002/etc.410,NA,NA
contaminant,Kelly et al.,2011b,2007,Sockeye,British Columbia,BC/WC,Fraser River,5,Composite,PCBs,7.803,ng/g ww,0.007803,mg/kg ww,Fillet,139 Congeners,10.1002/etc.410,NA,NA
contaminant,Kelly et al.,2011b,2007,Chinook,British Columbia,BC/WC,Fraser River,7,Composite,PCBs,8.642,ng/g ww,0.008642,mg/kg ww,Fillet,139 Congeners,10.1002/etc.410,NA,NA
contaminant,Kelly et al.,2011b,2007,Chinook,British Columbia,BC/WC,Fraser River,2,Composite,PCBs,9.913,ng/g ww,0.009913,mg/kg ww,Fillet,139 Congeners,10.1002/etc.410,NA,NA
contaminant,Kelly et al.,2011,2003,Chinook,British Columbia,BC/WC,WCVI Barkley Sound,10,Individual,DDTs,13.02,ng/g ww,0.01302,mg/kg ww,Fillet,"Sum of p,p'-DDT, o,p'-DDT,  p,p'-DDE, o,p'-DDE, p,p'-DDD, o,p'-DDD",10.1002/etc.662,NA,NA
contaminant,Kelly et al.,2011,2003,Chinook,British Columbia,BC/WC,WCVI Troll,11,Individual,DDTs,9.8,ng/g ww,0.0098,mg/kg ww,Fillet,"Sum of p,p'-DDT, o,p'-DDT,  p,p'-DDE, o,p'-DDE, p,p'-DDD, o,p'-DDD",10.1002/etc.662,NA,NA
contaminant,Kelly et al.,2011b,2007,Chinook,British Columbia,BC/WC,Fraser River,7,Composite,DDTs,7.76,ng/g ww,0.00776,mg/kg ww,Fillet,"Lower Fraser River, Thompson River population; back calculated concentration from ng/g lipid concentration using % lipid provided in paper; sum of p,p′-DDT, o,p′-DDT,  p,p′-DDE, o,p′-DDE, p,p′-DDD, o,p′-DDD",10.1002/etc.410,NA,NA
contaminant,Kelly et al.,2011b,2007,Chinook,British Columbia,BC/WC,Fraser River,2,Composite,DDTs,5.64,ng/g ww,0.00564,mg/kg ww,Fillet,"Mid River Catch, Shuswap River population; back calculated concentration from ng/g lipid concentration using % lipid provided in paper; sum of p,p′-DDT, o,p′-DDT,  p,p′-DDE, o,p′-DDE, p,p′-DDD, o,p′-DDD",10.1002/etc.410,NA,NA
contaminant,Kelly et al.,2011,2003,Chum,British Columbia,BC/WC,Johnstone Strait,12,Individual,DDTs,0.75,ng/g ww,7.50E-04,mg/kg ww,Fillet,"Sum of p,p'-DDT, o,p'-DDT,  p,p'-DDE, o,p'-DDE, p,p'-DDD, o,p'-DDD",10.1002/etc.662,NA,NA
contaminant,Kelly et al.,2011,2003,Coho,British Columbia,BC/WC,Nootka Sound,10,Individual,DDTs,4.71,ng/g ww,0.00471,mg/kg ww,Fillet,"Sum of p,p'-DDT, o,p'-DDT,  p,p'-DDE, o,p'-DDE, p,p'-DDD, o,p'-DDD",10.1002/etc.662,NA,NA
contaminant,Kelly et al.,2011,2003,Coho,British Columbia,BC/WC,Prince Rupert,12,Individual,DDTs,1.97,ng/g ww,0.00197,mg/kg ww,Fillet,"Sum of p,p'-DDT, o,p'-DDT,  p,p'-DDE, o,p'-DDE, p,p'-DDD, o,p'-DDD",10.1002/etc.662,NA,NA
contaminant,Kelly et al.,2011,2003,Coho,British Columbia,BC/WC,WCVI Troll,13,Individual,DDTs,5.86,ng/g ww,0.00586,mg/kg ww,Fillet,"Sum of p,p'-DDT, o,p'-DDT,  p,p'-DDE, o,p'-DDE, p,p'-DDD, o,p'-DDD",10.1002/etc.662,NA,NA
contaminant,Kelly et al.,2011,2003,Pink,British Columbia,BC/WC,Johnstone Strait,10,Individual,DDTs,1.15,ng/g ww,0.00115,mg/kg ww,Fillet,"Sum of p,p'-DDT, o,p'-DDT,  p,p'-DDE, o,p'-DDE, p,p'-DDD, o,p'-DDD",10.1002/etc.662,NA,NA
contaminant,Kelly et al.,2011,2003,Sockeye,British Columbia,BC/WC,Johnstone Strait,11,Individual,DDTs,6.18,ng/g ww,0.00618,mg/kg ww,Fillet,"Sum of p,p'-DDT, o,p'-DDT,  p,p'-DDE, o,p'-DDE, p,p'-DDD, o,p'-DDD",10.1002/etc.662,NA,NA
contaminant,Kelly et al.,2011b,2007,Sockeye,British Columbia,BC/WC,Fraser River,5,Composite,DDTs,6.77,ng/g ww,0.00677,mg/kg ww,Fillet,"Lower Fraser River, Adams River population; back calculated concentration from ng/g lipid concentration using % lipid provided in paper; sum of p,p′-DDT, o,p′-DDT,  p,p′-DDE, o,p′-DDE, p,p′-DDD, o,p′-DDD",10.1002/etc.410,NA,NA
contaminant,Kelly et al.,2011b,2007,Sockeye,British Columbia,BC/WC,Fraser River,8,Composite,DDTs,5.7,ng/g ww,0.0057,mg/kg ww,Fillet,"Lower Fraser River, Weaver Creek population; back calculated concentration from ng/g lipid concentration using % lipid provided in paper; sum of p,p′-DDT, o,p′-DDT,  p,p′-DDE, o,p′-DDE, p,p′-DDD, o,p′-DDD",10.1002/etc.410,NA,NA
contaminant,Kelly et al.,2011b,2007,Chinook,British Columbia,BC/WC,Fraser River,4,Composite,PBDEs,1.55,ng/g ww,0.00155,mg/kg ww,Fillet,"Lower Fraser River, Thompson River population; back calculated concentration from ng/g lipid concentration using % lipid provided in paper; sum of 48 congeners: 2-BDE-1, 3-BDE-2, 4-BDE-3, 26-BDE-10, 24-BDE-7, 24'/33'-BDE-8/11, 34-BDE-12, 34'-BDE-13, 44'-BDE-15, 246-BDE-30, 24'6-BDE-32, 22'4-BDE-17, 23'4-BDE-25, 244'/2'34-BDE-28/33, 33'4-BDE-35, 344'-BDE-37, 244'6-BDE-75, 22'45'-BDE-49, 23'4'6-BDE-71, 22'44'-BDE-47, 23'44'-BDE-66, 33'44'-BDE-77, 22'44'6-BDE-100, 23'44'6-BDE-119, 22'44'5-BDE-99, 23456-BDE-116, 22'44'5-BDE-85, 233'44'-BDE-105#, 33'44'5-BDE-126, 22'44'66'-BDE-155,22'44'56'-BDE-154, 22'44'55'-BDE-153, 22'344'6'-BDE-140, 22'344'5'/2344'56-BDE-138/166, 22'344'5'6-BDE-183, 22'344'56-BDE-181, 256/22'6-BDE-190/171, 22'455'-BDE-101, 23'44'5-BDE-118, 22'33'455'66'-BDE-208, 22'33'44'566'-BDE-207, 22'33'44'55'6-BDE-206,22'344'6-BDE-139, (33'44')25/55'-BDE-156/169, 22'344'66'-BDE-184, 233'44'5'6-BDE-191, 22'344'55'-BDE-180, 22'33'44'55'66'-BDE-209",10.1002/etc.410,NA,NA
contaminant,Lockhart et al.,2005,1970s-2000s,Chinook,Canada,BC/WC,Northern Lakes/Rivers,1,Individual,Hg,0.09,mg/kg ww,0.09,mg/kg ww,Fillet,NA,10.1016/j.scitotenv.2004.11.027,NA,NA
contaminant,Lockhart et al.,2005,1970s-2000s,Chum,Canada,BC/WC,Northern Lakes/Rivers,8,Individual,Hg,0.067,mg/kg ww,0.067,mg/kg ww,Fillet,NA,10.1016/j.scitotenv.2004.11.027,NA,NA
contaminant,NOAA,2016,"Various, from studies published 1998-2010",Chinook,Alaska,Bering Sea,Aleutian Islands,3,Varies by study,PCBs,5,ng/g ww,0.005,mg/kg ww,Fillet+Skin,from Shaw et al. (2008),https://repository.library.noaa.gov/view/noaa/12818,NA,NA
contaminant,NOAA,2016,"Various, from studies published 1998-2010",Chinook,British Columbia,BC/WC,BC North Coast,30,Varies by study,PCBs,7.3,ng/g ww,0.0073,mg/kg ww,Whole Body,Skeena Population from O'Neill et al (2006),https://repository.library.noaa.gov/view/noaa/12818,NA,NA
contaminant,NOAA,2016,"Various, from studies published 1998-2010",Chinook,Alaska,AK,unknown,2,Varies by study,PCBs,5.6,ng/g ww,0.0056,mg/kg ww,Fillet,from Hayward et al. (2010),https://repository.library.noaa.gov/view/noaa/12818,NA,NA
contaminant,NOAA,2016,"Various, from studies published 1998-2010",Chinook,British Columbia,BC/WC,Fraser River,7,Varies by study,PCBs,8.6,ng/g ww,0.0086,mg/kg ww,Fillet,Thompson Population from Veldhoen et al. (2010),https://repository.library.noaa.gov/view/noaa/12818,NA,NA
contaminant,NOAA,2016,"Various, from studies published 1998-2010",Chinook,British Columbia,BC/WC,Fraser River,6,Varies by study,PCBs,9.1,ng/g ww,0.0091,mg/kg ww,Fillet,Thompson Population from Cullon et al. (2009),https://repository.library.noaa.gov/view/noaa/12818,NA,NA
contaminant,NOAA,2016,"Various, from studies published 1998-2010",Chinook,Alaska,Central AK,South Central,10,Varies by study,PCBs,9.1,ng/g ww,0.0091,mg/kg ww,Fillet,River population from Rice and Moles (2006),https://repository.library.noaa.gov/view/noaa/12818,NA,NA
contaminant,NOAA,2016,"Various, from studies published 1998-2010",Chinook,British Columbia,BC/WC,Fraser River,2,Varies by study,PCBs,9.8,ng/g ww,0.0098,mg/kg ww,Fillet,Shuswap population from Veldhoen et al. (2010),https://repository.library.noaa.gov/view/noaa/12818,NA,NA
contaminant,NOAA,2016,"Various, from studies published 1998-2010",Sockeye,British Columbia,BC/WC,West Coast VI,2,Varies by study,PCBs,1.5,ng/g ww,0.0015,mg/kg ww,Fillet,Great Central Lake from (deBruyn et al. (2004)),https://repository.library.noaa.gov/view/noaa/12818,NA,NA
contaminant,NOAA,2016,"Various, from studies published 1998-2010",Sockeye,British Columbia,BC/WC,West Coast VI,3,Varies by study,PCBs,1.6,ng/g ww,0.0016,mg/kg ww,Fillet,Great Central Lake from (deBruyn et al. (2004)),https://repository.library.noaa.gov/view/noaa/12818,NA,NA
contaminant,NOAA,2016,"Various, from studies published 1998-2010",Sockeye,British Columbia,BC/WC,West Coast VI,6,Varies by study,PCBs,1.7,ng/g ww,0.0017,mg/kg ww,Fillet,Great Central Lake from (Kelly et al. (2007)),https://repository.library.noaa.gov/view/noaa/12818,NA,NA
contaminant,NOAA,2016,"Various, from studies published 1998-2010",Coho,Alaska,AK,unknown,2,Varies by study,PCBs,1.6,ng/g ww,0.0016,mg/kg ww,Fillet,from Hayward et al (2009),https://repository.library.noaa.gov/view/noaa/12818,NA,NA
contaminant,NOAA,2016,"Various, from studies published 1998-2010",Sockeye,British Columbia,BC/WC,West Coast VI,3,Varies by study,PCBs,2.4,ng/g ww,0.0024,mg/kg ww,Fillet,Great Central Lake from (deBruyn et al. (2004)),https://repository.library.noaa.gov/view/noaa/12818,NA,NA
contaminant,NOAA,2016,"Various, from studies published 1998-2010",Sockeye,British Columbia,BC/WC,Fraser River,2,Varies by study,PCBs,3.6,ng/g ww,0.0036,mg/kg ww,Fillet,Population: Weaver Creek from (Kelly et al. (2007)),https://repository.library.noaa.gov/view/noaa/12818,NA,NA
contaminant,NOAA,2016,"Various, from studies published 1998-2010",Sockeye,British Columbia,BC/WC,Fraser River,5,Varies by study,PCBs,3.9,ng/g ww,0.0039,mg/kg ww,Fillet,Population: Early Stuart from (Kelly et al. (2007)),https://repository.library.noaa.gov/view/noaa/12818,NA,NA
contaminant,NOAA,2016,"Various, from studies published 1998-2010",Sockeye,British Columbia,BC/WC,Fraser River,1,Varies by study,PCBs,4,ng/g ww,0.004,mg/kg ww,Fillet,Population: Weaver Creek from (Kelly et al. (2007)),https://repository.library.noaa.gov/view/noaa/12818,NA,NA
contaminant,NOAA,2016,"Various, from studies published 1998-2010",Sockeye,British Columbia,BC/WC,Fraser River,2,Varies by study,PCBs,5.3,ng/g ww,0.0053,mg/kg ww,Fillet,Population:Weaver Creek from (Kelly et al. (2007)),https://repository.library.noaa.gov/view/noaa/12818,NA,NA
contaminant,NOAA,2016,"Various, from studies published 1998-2010",Sockeye,British Columbia,BC/WC,Fraser River,3,Varies by study,PCBs,6.8,ng/g ww,0.0068,mg/kg ww,Fillet,Population; Weaver Creek from (Kelly et al. (2007)),https://repository.library.noaa.gov/view/noaa/12818,NA,NA
contaminant,NOAA,2016,"Various, from studies published 1998-2010",Sockeye,British Columbia,BC/WC,Fraser River,8,Varies by study,PCBs,6.8,ng/g ww,0.0068,mg/kg ww,Fillet,Population: Weaver Creek from (Veldhoen et al (2010)),https://repository.library.noaa.gov/view/noaa/12818,NA,NA
contaminant,NOAA,2016,"Various, from studies published 1998-2010",Sockeye,British Columbia,BC/WC,Fraser River,6,Varies by study,PCBs,6.9,ng/g ww,0.0069,mg/kg ww,Fillet,Population: Early Stuart from (Kelly et al. (2007)),https://repository.library.noaa.gov/view/noaa/12818,NA,NA
contaminant,NOAA,2016,"Various, from studies published 1998-2010",Sockeye,British Columbia,BC/WC,Fraser River,5,Varies by study,PCBs,7.7,ng/g ww,0.0077,mg/kg ww,Fillet,Population: Adams from (Veldhoen et al (2010)),https://repository.library.noaa.gov/view/noaa/12818,NA,NA
contaminant,NOAA,2016,"Various, from studies published 1998-2010",Chinook,Oregon,BC/WC,Columbia River,3,Varies by study,PCBs,10,ng/g ww,0.01,mg/kg ww,Fillet,Clackamas River from (Stone (2006)),https://repository.library.noaa.gov/view/noaa/12818,NA,NA
contaminant,NOAA,2016,"Various, from studies published 1998-2010",Sockeye,Alaska,AK,unknown,2,Varies by study,PCBs,3.6,ng/g ww,0.0036,mg/kg ww,Fillet,from Hayward et al. (2007),https://repository.library.noaa.gov/view/noaa/12818,NA,NA
contaminant,NOAA,2016,"Various, from studies published 1998-2010",Chinook,Oregon,BC/WC,Columbia River,3,Varies by study,PCBs,13,ng/g ww,0.013,mg/kg ww,Fillet+Skin,Clackamas River from (Stone (2006)),https://repository.library.noaa.gov/view/noaa/12818,NA,NA
contaminant,NOAA,2016,"Various, from studies published 1998-2010",Chinook,Oregon,BC/WC,Columbia River,4,Varies by study,PCBs,15,ng/g ww,0.015,mg/kg ww,Whole Body,Fall chinook from (Stone (2006)),https://repository.library.noaa.gov/view/noaa/12818,NA,NA
contaminant,NOAA,2016,"Various, from studies published 1998-2010",Chinook,Washington,BC/WC,WA Coast,10,Varies by study,PCBs,16,ng/g ww,0.016,mg/kg ww,Fillet,Population: Quinault from (Missildine et all (2005)),https://repository.library.noaa.gov/view/noaa/12818,NA,NA
contaminant,NOAA,2016,"Various, from studies published 1998-2010",Chinook,Oregon,BC/WC,Columbia River,17,Varies by study,PCBs,18,ng/g ww,0.018,mg/kg ww,Whole Body,from O'Neill et all (2006),https://repository.library.noaa.gov/view/noaa/12818,NA,NA
contaminant,NOAA,2016,"Various, from studies published 1998-2010",Chinook,Washington,BC/WC,WA Coast,10,Varies by study,PCBs,19,ng/g ww,0.019,mg/kg ww,Fillet,Population: Makah from (Missildine et all (2005)),https://repository.library.noaa.gov/view/noaa/12818,NA,NA
contaminant,NOAA,2016,"Various, from studies published 1998-2010",Chinook,Washington,BC/WC,Puget Sound,3,Varies by study,PCBs,35,ng/g ww,0.035,mg/kg ww,Whole Body,Duwamish River from Cullon et al. (2009),https://repository.library.noaa.gov/view/noaa/12818,NA,NA
contaminant,NOAA,2016,"Various, from studies published 1998-2010",Chinook,Oregon,BC/WC,Columbia River,20,Varies by study,PCBs,33,ng/g ww,0.033,mg/kg ww,Whole Body,from O'Neill et all (2006),https://repository.library.noaa.gov/view/noaa/12818,NA,NA
contaminant,NOAA,2016,"Various, from studies published 1998-2010",Chinook,Washington,BC/WC,Puget Sound,10,Varies by study,PCBs,49,ng/g ww,0.049,mg/kg ww,Fillet,Deschutes River from Missildine et al. (2005),https://repository.library.noaa.gov/view/noaa/12818,NA,NA
contaminant,NOAA,2016,"Various, from studies published 1998-2010",Chinook,Oregon,BC/WC,Columbia River,15,Varies by study,PCBs,37,ng/g ww,0.037,mg/kg ww,Fillet+Skin,mixed fall chinook from EPA 2002,https://repository.library.noaa.gov/view/noaa/12818,NA,NA
contaminant,NOAA,2016,"Various, from studies published 1998-2010",Chinook,Washington,BC/WC,Puget Sound,10,Varies by study,PCBs,49,ng/g ww,0.049,mg/kg ww,Fillet,Issaquah Creek from Missildine et al. (2005),https://repository.library.noaa.gov/view/noaa/12818,NA,NA
contaminant,NOAA,2016,"Various, from studies published 1998-2010",Chinook,Oregon,BC/WC,Columbia River,24,Varies by study,PCBs,38,ng/g ww,0.038,mg/kg ww,Fillet+Skin,mixed spring chinook from EPA 2002,https://repository.library.noaa.gov/view/noaa/12818,NA,NA
contaminant,NOAA,2016,"Various, from studies published 1998-2010",Sockeye,Alaska,Bering Sea,Gulf of Alaska/ Bering Sea,97,Varies by study,PCBs,37,ng/g ww,0.037,mg/kg ww,Fillet,population: Copper River from (Ewald et al. (1998)),https://repository.library.noaa.gov/view/noaa/12818,NA,NA
contaminant,NOAA,2016,"Various, from studies published 1998-2010",Coho,Oregon,BC/WC,Columbia River,3,Varies by study,PCBs,35,ng/g ww,0.035,mg/kg ww,Fillet+Skin,Population: Umatilla River from (EPA 2002),https://repository.library.noaa.gov/view/noaa/12818,NA,NA
contaminant,NOAA,2016,"Various, from studies published 1998-2010",Chinook,Washington,BC/WC,Puget Sound,34,Varies by study,PCBs,91,ng/g ww,0.091,mg/kg ww,Whole Body,Population: Pudget Sound Mixed from (O'Neill et al (2006)),10.1897/08-125.1,NA,NA
contaminant,NOAA,2016,"Various, from studies published 1998-2010",Coho,Washington,BC/WC,Puget Sound,125,Varies by study,PCBs,27,ng/g ww,0.027,mg/kg ww,Fillet,Population: Pudget sound mixed from (O'Neill et al (1998)),https://repository.library.noaa.gov/view/noaa/12818,NA,NA
contaminant,NOAA,2016,"Various, from studies published 1998-2010",Coho,Washington,BC/WC,Puget Sound,32,Varies by study,PCBs,35,ng/g ww,0.035,mg/kg ww,Fillet,from O'Neill et al (1998),https://repository.library.noaa.gov/view/noaa/12818,NA,NA
contaminant,NOAA,2016,"Various, from studies published 1998-2010",Sockeye,Alaska,Bering Sea,Aleutian Islands,13,Varies by study,PCBs,130,ng/g ww,0.13,mg/kg ww,Fillet,from Hardell et al. (2010),10.1897/08-125.1,NA,NA
contaminant,NOAA,2016,"Various, from studies published 1998-2010",Chinook,Washington,BC/WC,Pudget Sound,34,Varies by study,DDTs,16.4,ng/g ww,0.0164,mg/kg ww,Whole Body,Population: Pudget Sound Mixed from (O'Neill et al (2006)),https://repository.library.noaa.gov/view/noaa/12818,NA,NA
contaminant,NOAA,2016,"Various, from studies published 1998-2010",Chinook,Oregon,BC/WC,Columbia River,17,Varies by study,DDTs,19.9,ng/g ww,0.0199,mg/kg ww,Whole Body,from O'Neill et all (2006),https://repository.library.noaa.gov/view/noaa/12818,NA,NA
contaminant,NOAA,2016,"Various, from studies published 1998-2010",Chinook,Oregon,BC/WC,Columbia River,20,Varies by study,DDTs,34.8,ng/g ww,0.0348,mg/kg ww,Whole Body,from O'Neill et all (2006),https://repository.library.noaa.gov/view/noaa/12818,NA,NA
contaminant,NOAA,2016,"Various, from studies published 1998-2010",Chinook,Oregon,BC/WC,Columbia River,15,Varies by study,DDTs,21,ng/g ww,0.021,mg/kg ww,Fillet+Skin,mixed fall chinook from EPA 2002,https://repository.library.noaa.gov/view/noaa/12818,NA,NA
contaminant,NOAA,2016,"Various, from studies published 1998-2010",Chinook,Oregon,BC/WC,Columbia River,24,Varies by study,DDTs,22,ng/g ww,0.022,mg/kg ww,Fillet+Skin,mixed spring chinook from EPA 2002,https://repository.library.noaa.gov/view/noaa/12818,NA,NA
contaminant,NOAA,2016,"Various, from studies published 1998-2010",Sockeye,Alaska,Bering Sea,Aleutian Islands,13,Varies by study,DDTs,6.9,ng/g ww,0.0069,mg/kg ww,Fillet,from Hardell et al. (2010),https://repository.library.noaa.gov/view/noaa/12818,NA,NA
contaminant,NOAA,2016,"Various, from studies published 1998-2010",Sockeye,Alaska,Bering Sea,Gulf of Alaska/ Bering Sea,97,Varies by study,DDTs,12.2,ng/g ww,0.0122,mg/kg ww,Fillet,population: Copper River from (Ewald et al. (1998)),https://repository.library.noaa.gov/view/noaa/12818,NA,NA
contaminant,NOAA,2016,"Various, from studies published 1998-2010",Chinook,Washington,BC/WC,Puget Sound,3,Varies by study,DDTs,18.3,ng/g ww,0.0183,mg/kg ww,Whole Body,Duwamish River from Cullon et al. (2009),https://repository.library.noaa.gov/view/noaa/12818,NA,NA
contaminant,NOAA,2016,"Various, from studies published 1998-2010",Coho,Oregon,BC/WC,Columbia River,3,Varies by study,DDTs,41,ng/g ww,0.041,mg/kg ww,Fillet+Skin,from EPA 2002,https://repository.library.noaa.gov/view/noaa/12818,NA,NA
contaminant,NOAA,2016,"Various, from studies published 1998-2010",Chinook,Alaska,Bering Sea,Aleutian Islands,3,Varies by study,DDTs,22,ng/g ww,0.022,mg/kg ww,Fillet+Skin,from Shaw et al. (2008),https://repository.library.noaa.gov/view/noaa/12818,NA,NA
contaminant,NOAA,2016,"Various, from studies published 1998-2010",Chinook,British Columbia,BC/WC,BC North Coast,30,Varies by study,DDTs,7.3,ng/g ww,0.0073,mg/kg ww,Whole Body,Skeena Population from O'Neill et al (2006),https://repository.library.noaa.gov/view/noaa/12818,NA,NA
contaminant,NOAA,2016,"Various, from studies published 1998-2010",Chinook,British Columbia,BC/WC,Fraser River,6,Varies by study,DDTs,1.5,ng/g ww,0.0015,mg/kg ww,Fillet,Thompson Population from Cullon et al. (2009),https://repository.library.noaa.gov/view/noaa/12818,NA,NA
contaminant,NOAA,2016,"Various, from studies published 1998-2010",Chinook,British Columbia,BC/WC,Fraser River,7,Varies by study,DDTs,7.7,ng/g ww,0.0077,mg/kg ww,Fillet,Thompson Population from Veldhoen et al. (2010),https://repository.library.noaa.gov/view/noaa/12818,NA,NA
contaminant,NOAA,2016,"Various, from studies published 1998-2010",Chinook,British Columbia,BC/WC,Fraser River,2,Varies by study,DDTs,5.5,ng/g ww,0.0055,mg/kg ww,Fillet,Shuswap population from Veldhoen et al. (2010),https://repository.library.noaa.gov/view/noaa/12818,NA,NA
contaminant,NOAA,2016,"Various, from studies published 1998-2010",Chinook,British Columbia,BC/WC,Fraser River,6,Varies by study,DDTs,4.3,ng/g ww,0.0043,mg/kg ww,Fillet,Harrison Population from Cullon et al. (2009),https://repository.library.noaa.gov/view/noaa/12818,NA,NA
contaminant,NOAA,2016,"Various, from studies published 1998-2010",Chinook,Washington,BC/WC,Puget Sound,36,Varies by study,DDTs,29.1,ng/g ww,0.0291,mg/kg ww,Whole Body,Puget sound mixed from O'Neill et al. (2006),https://repository.library.noaa.gov/view/noaa/12818,NA,NA
contaminant,NOAA,2016,"Various, from studies published 1998-2010",Coho,Washington,BC/WC,Pudget Sound,266,Varies by study,DDTs,11.7,ng/g ww,0.0117,mg/kg ww,Fillet,Population: Pudget sound mixed from (O'Neill et al (1998)),https://repository.library.noaa.gov/view/noaa/12818,NA,NA
contaminant,NOAA,2016,"Various, from studies published 1998-2010",Chinook,Alaska,AK,NA,2,Varies by study,PBDEs,0.95,ng/g ww,9.50E-04,mg/kg ww,Fillet,from Hayward et al. (2010); specific combination of PBDEs varies by study,https://repository.library.noaa.gov/view/noaa/12818,NA,NA
contaminant,NOAA,2016,"Various, from studies published 1998-2010",Chinook,Alaska,Bering Sea,Aleutian Islands,3,Varies by study,PBDEs,0.71,ng/g ww,7.10E-04,mg/kg ww,Fillet+Skin,from Shaw et al. (2008); specific combination of PBDEs varies by study,https://repository.library.noaa.gov/view/noaa/12818,NA,NA
contaminant,NOAA,2016,"Various, from studies published 1998-2010",Chinook,British Columbia,BC/WC,BC North Coast,30,Varies by study,PBDEs,0.08,ng/g ww,8.00E-05,mg/kg ww,Whole Body,Skeena Population from O'Neill et al (2006); specific combination of PBDEs varies by study,https://repository.library.noaa.gov/view/noaa/12818,NA,NA
contaminant,NOAA,2016,"Various, from studies published 1998-2010",Chinook,British Columbia,BC/WC,Fraser River,7,Varies by study,PBDEs,1.54,ng/g ww,0.00154,mg/kg ww,Fillet,Thompson Population from Veldhoen et al. (2010); specific combination of PBDEs varies by study,https://repository.library.noaa.gov/view/noaa/12818,NA,NA
contaminant,NOAA,2016,"Various, from studies published 1998-2010",Chinook,British Columbia,BC/WC,Fraser River,6,Varies by study,PBDEs,17.7,ng/g ww,0.0177,mg/kg ww,Fillet,Harrison Population from Cullon et al. (2009); specific combination of PBDEs varies by study,https://repository.library.noaa.gov/view/noaa/12818,NA,NA
contaminant,NOAA,2016,"Various, from studies published 1998-2010",Chinook,Oregon,BC/WC,Columbia River,17,Varies by study,PBDEs,3.69,ng/g ww,0.00369,mg/kg ww,Whole Body,from O'Neill et all (2006); specific combination of PBDEs varies by study,https://repository.library.noaa.gov/view/noaa/12818,NA,NA
contaminant,NOAA,2016,"Various, from studies published 1998-2010",Chinook,Oregon,BC/WC,Columbia River,20,Varies by study,PBDEs,9.77,ng/g ww,0.00977,mg/kg ww,Whole Body,from O'Neill et all (2006); specific combination of PBDEs varies by study,https://repository.library.noaa.gov/view/noaa/12818,NA,NA
contaminant,NOAA,2016,"Various, from studies published 1998-2010",Chinook,Oregon,BC/WC,Columbia River,4,Varies by study,PBDEs,2.3,ng/g ww,0.0023,mg/kg ww,Whole Body,Fall chinook from (Stone (2006)); specific combination of PBDEs varies by study,https://repository.library.noaa.gov/view/noaa/12818,NA,NA
contaminant,NOAA,2016,"Various, from studies published 1998-2010",Chinook,Oregon,BC/WC,Columbia River,3,Varies by study,PBDEs,1.8,ng/g ww,0.0018,mg/kg ww,Fillet+Skin,Clackamas River from (Stone (2006)); specific combination of PBDEs varies by study,https://repository.library.noaa.gov/view/noaa/12818,NA,NA
contaminant,NOAA,2016,"Various, from studies published 1998-2010",Chinook,Oregon,BC/WC,Columbia River,3,Varies by study,PBDEs,1.5,ng/g ww,0.0015,mg/kg ww,Fillet,Clackamas River from (Stone (2006)); specific combination of PBDEs varies by study,https://repository.library.noaa.gov/view/noaa/12818,NA,NA
contaminant,NOAA,2016,"Various, from studies published 1998-2010",Chinook,Washington,BC/WC,Pudget Sound,34,Varies by study,PBDEs,42.2,ng/g ww,0.0422,mg/kg ww,Whole Body,Population: Pudget Sound Mixed from (O'Neill et al (2006)); specific combination of PBDEs varies by study,https://repository.library.noaa.gov/view/noaa/12818,NA,NA
contaminant,NOAA,2016,"Various, from studies published 1998-2010",Chinook,Washington,BC/WC,Puget Sound,3,Varies by study,PBDEs,6.43,ng/g ww,0.00643,mg/kg ww,Whole Body,Duwamish River from Cullon et al. (2009); specific combination of PBDEs varies by study,https://repository.library.noaa.gov/view/noaa/12818,NA,NA
contaminant,NOAA,2016,"Various, from studies published 1998-2010",Chinook,Washington,BC/WC,Puget Sound,36,Varies by study,PBDEs,18.9,ng/g ww,0.0189,mg/kg ww,Whole Body,Puget sound mixed from O'Neill et al. (2006); specific combination of PBDEs varies by study,https://repository.library.noaa.gov/view/noaa/12818,NA,NA
contaminant,NOAA,2016,"Various, from studies published 1998-2010",Coho,Alaska,AK,NA,2,Varies by study,PBDEs,0.32,ng/g ww,3.20E-04,mg/kg ww,Fillet,from Hayward et al (2009); specific combination of PBDEs varies by study,https://repository.library.noaa.gov/view/noaa/12818,NA,NA
contaminant,NOAA,2016,"Various, from studies published 1998-2010",Sockeye,Alaska,AK,NA,2,Varies by study,PBDEs,0.21,ng/g ww,2.10E-04,mg/kg ww,Fillet,from Hayward et al. (2007); specific combination of PBDEs varies by study,https://repository.library.noaa.gov/view/noaa/12818,NA,NA
contaminant,NOAA,2016,"Various, from studies published 1998-2011",Chinook,Washington,BC/WC,Puget Sound,28,Varies by study,PCBs,37,ng/g ww,0.037,mg/kg ww,Fillet,from O'Neill and West (2009),NA,NA,NA
contaminant,NOAA,2016,"Various, from studies published 1998-2012",Chinook,Washington,BC/WC,Puget Sound,29,Varies by study,PCBs,40,ng/g ww,0.04,mg/kg ww,Fillet,from O'Neill and West (2009),NA,NA,NA
contaminant,NOAA,2016,"Various, from studies published 1998-2013",Chinook,Washington,BC/WC,Puget Sound,65,Varies by study,PCBs,56,ng/g ww,0.056,mg/kg ww,Fillet,from O'Neill and West (2009),NA,NA,NA
contaminant,NOAA,2016,"Various, from studies published 1998-2014",Chinook,Washington,BC/WC,Puget Sound,20,Varies by study,PCBs,41,ng/g ww,0.041,mg/kg ww,Fillet,from O'Neill and West (2009),NA,NA,NA
contaminant,NOAA,2016,"Various, from studies published 1998-2015",Chinook,Washington,BC/WC,Puget Sound,34,Varies by study,PCBs,59,ng/g ww,0.059,mg/kg ww,Fillet,from O'Neill and West (2009),NA,NA,NA
contaminant,NOAA,2016,"Various, from studies published 1998-2016",Chinook,Washington,BC/WC,Puget Sound,28,Varies by study,PCBs,76,ng/g ww,0.076,mg/kg ww,Fillet,from O'Neill and West (2009),NA,NA,NA
contaminant,San Francisco Estuary Institute,2007,2006,Chinook,California,BC/WC,Sacramento River,1,Individual,Hg,0.094,mg/kg ww,0.094,mg/kg ww,Fillet,NA,https://www.sfei.org/documents/california-bay-delta-authority-fish-mercury-project-year-2-2006-annual-report-sport-fish,NA,NA
contaminant,San Francisco Estuary Institute,2007,2006,Chinook,California,BC/WC,Shasta Lake,10,Individual,Hg,0.3,mg/kg ww,0.3,mg/kg ww,Fillet,NA,https://www.sfei.org/documents/california-bay-delta-authority-fish-mercury-project-year-2-2006-annual-report-sport-fish,NA,NA
contaminant,US EPA,1998,1996-1998,Chinook,Washington,BC/WC,Klickitat River,3,Composite,Hg,0.51,mg/kg ww,0.51,mg/kg ww,Fillet+Skin,NA,https://www.epa.gov/columbiariver/columbia-river-basin-fish-contaminant-survey-1996-1998,NA,NA
contaminant,US EPA,1998,1996-1998,Chinook,Washington,BC/WC,Columbia River Basin,15,Composite,Hg,0.084,mg/kg ww,0.084,mg/kg ww,Fillet+Skin,NA,https://www.epa.gov/columbiariver/columbia-river-basin-fish-contaminant-survey-1996-1998,NA,NA
contaminant,US EPA,1998,1996-1998,Chinook,Washington,BC/WC,Columbia River Basin,15,Composite,Hg,0.077,mg/kg ww,0.077,mg/kg ww,Whole Body,NA,https://www.epa.gov/columbiariver/columbia-river-basin-fish-contaminant-survey-1996-1998,NA,NA
contaminant,US EPA,1998,1996-1998,Chinook,Washington,BC/WC,Columbia River Basin,24,Composite,Hg,0.1,mg/kg ww,0.1,mg/kg ww,Fillet+Skin,NA,https://www.epa.gov/columbiariver/columbia-river-basin-fish-contaminant-survey-1996-1998,NA,NA
contaminant,US EPA,1998,1996-1998,Chinook,Washington,BC/WC,Columbia River Basin,24,Composite,Hg,0.064,mg/kg ww,0.064,mg/kg ww,Whole Body,NA,https://www.epa.gov/columbiariver/columbia-river-basin-fish-contaminant-survey-1996-1998,NA,NA
contaminant,US EPA,1998,1996-1998,Coho,Washington,BC/WC,Columbia River Basin,3,Composite,Hg,0.12,mg/kg ww,0.12,mg/kg ww,Fillet+Skin,NA,https://www.epa.gov/columbiariver/columbia-river-basin-fish-contaminant-survey-1996-1998,NA,NA
contaminant,US EPA,1998,1996-1998,Coho,Washington,BC/WC,Columbia River Basin,3,Composite,Hg,0.1,mg/kg ww,0.1,mg/kg ww,Whole Body,NA,https://www.epa.gov/columbiariver/columbia-river-basin-fish-contaminant-survey-1996-1998,NA,NA
contaminant,US EPA,2011,NA,Chinook,Washington,BC/WC,NA,116,Individual,Hg,0.09,mg/kg ww,0.09,mg/kg ww,Fillet,Tissue unspecified; assume fillet concentration is the concentration reported,Reported in Karimi et al. (2012)_EPA National Listing of Fish Advisories 2011,NA,NA
contaminant,US EPA,2011,NA,Coho,Washington,BC/WC,NA,167,Individual,Hg,0.046,mg/kg ww,0.046,mg/kg ww,Fillet,Tissue unspecified; assume fillet concentration is the concentration reported,Reported in Karimi et al. (2012)_EPA National Listing of Fish Advisories (accessed 2011),NA,NA
contaminant,US EPA,1998,1996-1998,Coho,Washington,BC/WC,Columbia River Basin,3,Composite,PCBs,38,ug/kg ww,0.038,mg/kg ww,Whole Body,"Aroclor 1016, 1221, 1232, 1242, 1248, 1254, 1260",https://www.epa.gov/columbiariver/columbia-river-basin-fish-contaminant-survey-1996-1998,NA,NA
contaminant,US EPA,1998,1996-1998,Chinook,Washington,BC/WC,Columbia River Basin,15,Composite,PCBs,40,ug/kg ww,0.04,mg/kg ww,Whole Body,"Aroclor 1016, 1221, 1232, 1242, 1248, 1254, 1260",https://www.epa.gov/columbiariver/columbia-river-basin-fish-contaminant-survey-1996-1998,NA,NA
contaminant,US EPA,1998,1996-1998,Chinook,Washington,BC/WC,Columbia River Basin,24,Composite,PCBs,40,ug/kg ww,0.04,mg/kg ww,Whole Body,"Aroclor 1016, 1221, 1232, 1242, 1248, 1254, 1260",https://www.epa.gov/columbiariver/columbia-river-basin-fish-contaminant-survey-1996-1998,NA,NA
contaminant,US EPA,1998,1996-1998,Coho,Washington,BC/WC,Columbia River Basin,3,Composite,DDTs,42,ng/g ww,0.042,mg/kg ww,Whole Body,"Sum of p,p'-DDT, o,p'-DDT,  p,p'-DDE, o,p'-DDE, p,p'-DDD, o,p'-DDD",https://www.epa.gov/columbiariver/columbia-river-basin-fish-contaminant-survey-1996-1998,NA,NA
contaminant,US EPA,1998,1996-1998,Chinook,Washington,BC/WC,Columbia River Basin,24,Composite,DDTs,27,ng/g ww,0.027,mg/kg ww,Whole Body,"Sum of p,p'-DDT, o,p'-DDT,  p,p'-DDE, o,p'-DDE, p,p'-DDD, o,p'-DDD",https://www.epa.gov/columbiariver/columbia-river-basin-fish-contaminant-survey-1996-1998,NA,NA
contaminant,US EPA,1998,1996-1998,Chinook,Washington,BC/WC,Columbia River Basin,15,Composite,DDTs,25,ng/g ww,0.025,mg/kg ww,Whole Body,"Sum of p,p'-DDT, o,p'-DDT,  p,p'-DDE, o,p'-DDE, p,p'-DDD, o,p'-DDD",https://www.epa.gov/columbiariver/columbia-river-basin-fish-contaminant-survey-1996-1998,NA,NA
contaminant,US FDA,2011,1992-1993,Chum,USA,BC/WC,Store-bought,9,Individual,Hg,0.02,mg/kg ww,0.02,mg/kg ww,Fillet,NA,https://www.fda.gov/food/metals-and-your-food/mercury-concentrations-fish-fda-monitoring-program-1990-2010,NA,NA
contaminant,US FDA,2011,1991-1992,Coho,USA,BC/WC,Store-bought,3,Individual,Hg,0.063,mg/kg ww,0.063,mg/kg ww,Fillet,NA,https://www.fda.gov/food/metals-and-your-food/mercury-concentrations-fish-fda-monitoring-program-1990-2010,NA,NA
contaminant,US FDA,2011,1992-1993,Pink,USA,BC/WC,Store-bought,6,Individual,Hg,0.005,mg/kg ww,0.005,mg/kg ww,Fillet,NA,https://www.fda.gov/food/metals-and-your-food/mercury-concentrations-fish-fda-monitoring-program-1990-2010,NA,NA
contaminant,US FDA,2011,1993,Sockeye,USA,BC/WC,Store-bought,1,Individual,Hg,0.005,mg/kg ww,0.005,mg/kg ww,Fillet,NA,https://www.fda.gov/food/metals-and-your-food/mercury-concentrations-fish-fda-monitoring-program-1990-2010,NA,NA
contaminant,WA Dept of Fish and Wildlife,2001,1989-1999,Chinook,Washington,BC/WC,Puget Sound,106,Individual,Hg,0.093,mg/kg ww,0.093,mg/kg ww,Fillet,NA,https://wdfw.wa.gov/sites/default/files/publications/01026/wdfw01026.pdf,NA,NA
contaminant,WA Dept of Fish and Wildlife,2001,1989-1999,Coho,Washington,BC/WC,Puget Sound,108,Individual,Hg,0.049,mg/kg ww,0.049,mg/kg ww,Fillet,NA,https://wdfw.wa.gov/sites/default/files/publications/01026/wdfw01026.pdf,NA,NA
contaminant,West et al.,2001,1990-1998,Coho,Washington,BC/WC,Puget Sound,47,Composite,PCBs,19.3,ng/g ww,0.0193,mg/kg ww,Fillet,"Aroclor 1016, 1221, 1232, 1242, 1248, 1254, 1260 and 15 congeners",https://wdfw.wa.gov/sites/default/files/publications/01026/wdfw01026.pdf,NA,NA
contaminant,West et al.,2001,1990-1998,Chinook,Washington,BC/WC,Pudget Sound,228,Composite,DDTs,21.4,ng/g ww,0.0214,mg/kg ww,Fillet,"Sum of p,p'-DDT, o,p'-DDT,  p,p'-DDE, o,p'-DDE, p,p'-DDD, o,p'-DDD",https://wdfw.wa.gov/sites/default/files/publications/01026/wdfw01026.pdf,NA,NA
contaminant,Zhang et al.,2001,1999,Chinook,Alaska,Bering Sea,Kuskokwim,6,Individual,Hg,0.096,mg/kg ww,0.096,mg/kg ww,Fillet,NA,10.1016/S0025-326X(01)00200-4,NA,NA
contaminant,Zhang et al.,2001,1999,Chinook,Alaska,Bering Sea,Nushagak,6,Individual,Hg,0.092,mg/kg ww,0.092,mg/kg ww,Fillet,NA,10.1016/S0025-326X(01)00200-4,NA,NA
contaminant,Zhang et al.,2001,1999,Chinook,Alaska,Bering Sea,Yukon River,6,Individual,Hg,0.05,mg/kg ww,0.05,mg/kg ww,Fillet,NA,10.1016/S0025-326X(01)00200-4,NA,NA
contaminant,Zhang et al.,2001,2000,Chinook,Alaska,Bering Sea,Kuskokwim,6,Individual,Hg,0.08,mg/kg ww,0.08,mg/kg ww,Fillet,NA,10.1016/S0025-326X(01)00200-4,NA,NA
contaminant,Zhang et al.,2001,2000,Chinook,Alaska,Bering Sea,Nushagak,6,Individual,Hg,0.06,mg/kg ww,0.06,mg/kg ww,Fillet,NA,10.1016/S0025-326X(01)00200-4,NA,NA
contaminant,Zhang et al.,2001,2000,Chinook,Alaska,Bering Sea,Yukon River,6,Individual,Hg,0.07,mg/kg ww,0.07,mg/kg ww,Fillet,NA,10.1016/S0025-326X(01)00200-4,NA,NA
contaminant,Zhang et al.,2001,1999,Chum,Alaska,Bering Sea,Kuskokwim,6,Individual,Hg,0.058,mg/kg ww,0.058,mg/kg ww,Fillet,NA,10.1016/S0025-326X(01)00200-4,NA,NA
contaminant,Zhang et al.,2001,1999,Chum,Alaska,Bering Sea,Nushagak,6,Individual,Hg,0.072,mg/kg ww,0.072,mg/kg ww,Fillet,NA,10.1016/S0025-326X(01)00200-4,NA,NA
contaminant,Zhang et al.,2001,1999,Chum,Alaska,Bering Sea,Yukon River,6,Individual,Hg,0.068,mg/kg ww,0.068,mg/kg ww,Fillet,NA,10.1016/S0025-326X(01)00200-4,NA,NA
contaminant,Zhang et al.,2001,2000,Chum,Alaska,Bering Sea,Kuskokwim,6,Individual,Hg,0.074,mg/kg ww,0.074,mg/kg ww,Fillet,NA,10.1016/S0025-326X(01)00200-4,NA,NA
contaminant,Zhang et al.,2001,2000,Chum,Alaska,Bering Sea,Nushagak,6,Individual,Hg,0.073,mg/kg ww,0.073,mg/kg ww,Fillet,NA,10.1016/S0025-326X(01)00200-4,NA,NA
contaminant,Zhang et al.,2001,2000,Chum,Alaska,Bering Sea,Yukon River,6,Individual,Hg,0.084,mg/kg ww,0.084,mg/kg ww,Fillet,NA,10.1016/S0025-326X(01)00200-4,NA,NA
contaminant,Zhang et al.,2001,1999,Coho,Alaska,Bering Sea,Kuskokwim,6,Individual,Hg,0.049,mg/kg ww,0.049,mg/kg ww,Fillet,NA,10.1016/S0025-326X(01)00200-4,NA,NA
contaminant,Zhang et al.,2001,1999,Coho,Alaska,Bering Sea,Kvichak,5,Individual,Hg,0.047,mg/kg ww,0.047,mg/kg ww,Fillet,NA,10.1016/S0025-326X(01)00200-4,NA,NA
contaminant,Zhang et al.,2001,1999,Coho,Alaska,Bering Sea,Yukon River,6,Individual,Hg,0.044,mg/kg ww,0.044,mg/kg ww,Fillet,NA,10.1016/S0025-326X(01)00200-4,NA,NA
contaminant,Zhang et al.,2001,2000,Coho,Alaska,Bering Sea,Kuskokwim,6,Individual,Hg,0.057,mg/kg ww,0.057,mg/kg ww,Fillet,NA,10.1016/S0025-326X(01)00200-4,NA,NA
contaminant,Zhang et al.,2001,2000,Coho,Alaska,Bering Sea,Nushagak,6,Individual,Hg,0.059,mg/kg ww,0.059,mg/kg ww,Fillet,NA,10.1016/S0025-326X(01)00200-4,NA,NA
contaminant,Zhang et al.,2001,2000,Coho,Alaska,Bering Sea,Yukon River,6,Individual,Hg,0.058,mg/kg ww,0.058,mg/kg ww,Fillet,NA,10.1016/S0025-326X(01)00200-4,NA,NA
contaminant,Zhang et al.,2001,1999,Sockeye,Alaska,Bering Sea,Kuskokwim,6,Individual,Hg,0.034,mg/kg ww,0.034,mg/kg ww,Fillet,NA,10.1016/S0025-326X(01)00200-4,NA,NA
contaminant,Zhang et al.,2001,1999,Sockeye,Alaska,Bering Sea,Nushagak,6,Individual,Hg,0.038,mg/kg ww,0.038,mg/kg ww,Fillet,NA,10.1016/S0025-326X(01)00200-4,NA,NA
contaminant,Zhang et al.,2001,2000,Sockeye,Alaska,Bering Sea,Kuskokwim,6,Individual,Hg,0.051,mg/kg ww,0.051,mg/kg ww,Fillet,NA,10.1016/S0025-326X(01)00200-4,NA,NA
contaminant,Zhang et al.,2001,2000,Sockeye,Alaska,Bering Sea,Kvichak,6,Individual,Hg,0.058,mg/kg ww,0.058,mg/kg ww,Fillet,NA,10.1016/S0025-326X(01)00200-4,NA,NA
contaminant,Zhang et al.,2001,2000,Sockeye,Alaska,Bering Sea,Nushagak,6,Individual,Hg,0.061,mg/kg ww,0.061,mg/kg ww,Fillet,NA,10.1016/S0025-326X(01)00200-4,NA,NA
contaminant,AK Dept of Environmental Conservation,2019,2001-2018,Chinook,Alaska,AK,NA,77,Individual,PBDEs,0.4,ug/kg ww,4.00E-04,mg/kg ww,Fillet,Concentrations are arithmetic means,https://dec.alaska.gov/media/18733/pbde-in-alaska-fish.pdf,NA,NA
contaminant,AK Dept of Environmental Conservation,2019,2001-2018,Chinook,Alaska,AK,NA,15,Individual,PBDEs,0.4,ug/kg ww,4.00E-04,mg/kg ww,Whole Body,Concentrations are arithmetic means,https://dec.alaska.gov/media/18733/pbde-in-alaska-fish.pdf,NA,NA
contaminant,AK Dept of Environmental Conservation,2019,2001-2018,Chum,Alaska,AK,NA,50,Individual,PBDEs,0.18,ug/kg ww,1.80E-04,mg/kg ww,Fillet,Concentrations are arithmetic means,https://dec.alaska.gov/media/18733/pbde-in-alaska-fish.pdf,NA,NA
contaminant,AK Dept of Environmental Conservation,2019,2001-2018,Chum,Alaska,AK,NA,2,Individual,PBDEs,0.32,ug/kg ww,3.20E-04,mg/kg ww,Whole Body,Concentrations are arithmetic means,https://dec.alaska.gov/media/18733/pbde-in-alaska-fish.pdf,NA,NA
contaminant,AK Dept of Environmental Conservation,2019,2001-2018,Coho,Alaska,AK,NA,113,Individual,PBDEs,0.18,ug/kg ww,1.80E-04,mg/kg ww,Fillet,Concentrations are arithmetic means,https://dec.alaska.gov/media/18733/pbde-in-alaska-fish.pdf,NA,NA
contaminant,AK Dept of Environmental Conservation,2019,2001-2018,Coho,Alaska,AK,NA,58,Individual,PBDEs,0.27,ug/kg ww,2.70E-04,mg/kg ww,Whole Body,Concentrations are arithmetic means,https://dec.alaska.gov/media/18733/pbde-in-alaska-fish.pdf,NA,NA
contaminant,AK Dept of Environmental Conservation,2019,2001-2018,Pink,Alaska,AK,NA,24,Individual,PBDEs,0.27,ug/kg ww,2.70E-04,mg/kg ww,Fillet,Concentrations are arithmetic means,https://dec.alaska.gov/media/18733/pbde-in-alaska-fish.pdf,NA,NA
contaminant,AK Dept of Environmental Conservation,2019,2001-2018,Sockeye,Alaska,AK,NA,68,Individual,PBDEs,0.3,ug/kg ww,3.00E-04,mg/kg ww,Fillet,Concentrations are arithmetic means,https://dec.alaska.gov/media/18733/pbde-in-alaska-fish.pdf,NA,NA
contaminant,AK Dept of Environmental Conservation,2019,2001-2018,Sockeye,Alaska,AK,NA,20,Individual,PBDEs,0.73,ug/kg ww,7.30E-04,mg/kg ww,Whole Body,Concentrations are arithmetic means,https://dec.alaska.gov/media/18733/pbde-in-alaska-fish.pdf,NA,NA
contaminant,AK Dept of Environmental Conservation,2019,2001-2018,Sockeye,Alaska,AK,NA,7,Composite,PBDEs,0.75,ug/kg ww,7.50E-04,mg/kg ww,Whole Body,Concentrations are arithmetic means,https://dec.alaska.gov/media/18733/pbde-in-alaska-fish.pdf,NA,NA
contaminant,AK Dept of Environmental Conservation,2019,2001-2018,Chinook,Alaska,AK,NA,70,Individual,DDTs,8.51,ug/kg ww,0.00851,mg/kg ww,Fillet,Concentrations are arithmetic means,https://dec.alaska.gov/media/18735/pesticides-in-alaska-fish.pdf,NA,NA
contaminant,AK Dept of Environmental Conservation,2019,2001-2018,Chinook,Alaska,AK,NA,15,Individual,DDTs,14.53,ug/kg ww,0.01453,mg/kg ww,Whole Body,Concentrations are arithmetic means,https://dec.alaska.gov/media/18735/pesticides-in-alaska-fish.pdf,NA,NA
contaminant,AK Dept of Environmental Conservation,2019,2001-2018,Chum,Alaska,AK,NA,23,Individual,DDTs,1.63,ug/kg ww,0.00163,mg/kg ww,Fillet,Concentrations are arithmetic means,https://dec.alaska.gov/media/18735/pesticides-in-alaska-fish.pdf,NA,NA
contaminant,AK Dept of Environmental Conservation,2019,2001-2018,Coho,Alaska,AK,NA,81,Individual,DDTs,0.96,ug/kg ww,9.60E-04,mg/kg ww,Fillet,Concentrations are arithmetic means,https://dec.alaska.gov/media/18735/pesticides-in-alaska-fish.pdf,NA,NA
contaminant,AK Dept of Environmental Conservation,2019,2001-2018,Coho,Alaska,AK,NA,54,Individual,DDTs,2.63,ug/kg ww,0.00263,mg/kg ww,Whole Body,Concentrations are arithmetic means,https://dec.alaska.gov/media/18735/pesticides-in-alaska-fish.pdf,NA,NA
contaminant,AK Dept of Environmental Conservation,2019,2001-2018,Pink,Alaska,AK,NA,11,Individual,DDTs,0.64,ug/kg ww,6.40E-04,mg/kg ww,Fillet,Concentrations are arithmetic means,https://dec.alaska.gov/media/18735/pesticides-in-alaska-fish.pdf,NA,NA
contaminant,AK Dept of Environmental Conservation,2019,2001-2018,Sockeye,Alaska,AK,NA,6,Composite,DDTs,8.94,ug/kg ww,0.00894,mg/kg ww,Whole Body,Concentrations are arithmetic means,https://dec.alaska.gov/media/18735/pesticides-in-alaska-fish.pdf,NA,NA
contaminant,AK Dept of Environmental Conservation,2019,2001-2018,Sockeye,Alaska,AK,NA,45,Individual,DDTs,6.94,ug/kg ww,0.00694,mg/kg ww,Fillet,Concentrations are arithmetic means,https://dec.alaska.gov/media/18735/pesticides-in-alaska-fish.pdf,NA,NA
contaminant,AK Dept of Environmental Conservation,2019,2001-2018,Sockeye,Alaska,AK,NA,16,Individual,DDTs,5.17,ug/kg ww,0.00517,mg/kg ww,Whole Body,Concentrations are arithmetic means,https://dec.alaska.gov/media/18735/pesticides-in-alaska-fish.pdf,NA,NA
contaminant,AK Dept of Environmental Conservation,2021,2001-2020,Chum,Alaska,AK,NA,282,Individual,Hg,0.041,mg/kg ww,0.041,mg/kg ww,Fillet,Concentrations are arithmetic means,https://dec.alaska.gov/media/22378/mercury-in-alaska-fish.pdf,NA,NA
contaminant,AK Dept of Environmental Conservation,2021,2001-2020,Chum,Alaska,AK,NA,2,Individual,Hg,0.01,mg/kg ww,0.01,mg/kg ww,Whole Body,Concentrations are arithmetic means,https://dec.alaska.gov/media/22378/mercury-in-alaska-fish.pdf,NA,NA
contaminant,AK Dept of Environmental Conservation,2021,2001-2020,Coho,Alaska,AK,NA,326,Individual,Hg,0.042,mg/kg ww,0.042,mg/kg ww,Fillet,Concentrations are arithmetic means,https://dec.alaska.gov/media/22378/mercury-in-alaska-fish.pdf,NA,NA
contaminant,AK Dept of Environmental Conservation,2021,2001-2020,Coho,Alaska,AK,NA,64,Individual,Hg,0.034,mg/kg ww,0.034,mg/kg ww,Whole Body,Concentrations are arithmetic means,https://dec.alaska.gov/media/22378/mercury-in-alaska-fish.pdf,NA,NA
contaminant,AK Dept of Environmental Conservation,2021,2001-2020,Coho,Alaska,AK,NA,2,Composite,Hg,0.023,mg/kg ww,0.023,mg/kg ww,Whole Body,Concentrations are arithmetic means,https://dec.alaska.gov/media/22378/mercury-in-alaska-fish.pdf,NA,NA
contaminant,AK Dept of Environmental Conservation,2021,2001-2020,Chinook,Alaska,AK,NA,243,Individual,Hg,0.063,mg/kg ww,0.063,mg/kg ww,Fillet,Concentrations are arithmetic means,https://dec.alaska.gov/media/22378/mercury-in-alaska-fish.pdf,NA,NA
contaminant,AK Dept of Environmental Conservation,2021,2001-2020,Chinook,Alaska,AK,NA,21,Individual,Hg,0.045,mg/kg ww,0.045,mg/kg ww,Whole Body,Concentrations are arithmetic means,https://dec.alaska.gov/media/22378/mercury-in-alaska-fish.pdf,NA,NA
contaminant,AK Dept of Environmental Conservation,2021,2001-2020,Pink,Alaska,AK,NA,185,Individual,Hg,0.01,mg/kg ww,0.01,mg/kg ww,Fillet,Concentrations are arithmetic means,https://dec.alaska.gov/media/22378/mercury-in-alaska-fish.pdf,NA,NA
contaminant,AK Dept of Environmental Conservation,2021,2001-2020,Sockeye,Alaska,AK,NA,290,Individual,Hg,0.041,mg/kg ww,0.041,mg/kg ww,Fillet,Concentrations are arithmetic means,https://dec.alaska.gov/media/22378/mercury-in-alaska-fish.pdf,NA,NA
contaminant,AK Dept of Environmental Conservation,2021,2001-2020,Sockeye,Alaska,AK,NA,56,Individual,Hg,0.033,mg/kg ww,0.033,mg/kg ww,Whole Body,Concentrations are arithmetic means,https://dec.alaska.gov/media/22378/mercury-in-alaska-fish.pdf,NA,NA
contaminant,AK Dept of Environmental Conservation,2021,2001-2020,Sockeye,Alaska,AK,NA,1,Composite,Hg,0.094,mg/kg ww,0.094,mg/kg ww,Whole Body,Concentrations are arithmetic means,https://dec.alaska.gov/media/22378/mercury-in-alaska-fish.pdf,NA,NA
nutrient,Borden et al. 2018,2018,N/A,Sockeye,British Columbia,BC/WC,Store-bought - Vanouver Island,NA,N/A,DHA,NA,% body weight or g/100g bw,8400,mg/kg ww,muscle,fresh,10.1007/s00216-018-1467-y,NA,22:6n3
nutrient,Borden et al. 2018,2018,N/A,Sockeye,British Columbia,BC/WC,Store-bought - Vanouver Island,NA,N/A,DHA,NA,% body weight or g/100g bw,4000,mg/kg ww,muscle,frozen,10.1007/s00216-018-1467-y,NA,22:6n3
nutrient,Borden et al. 2018,2018,N/A,Chinook,British Columbia,BC/WC,Unknown fly fishing - Vanouver Island,NA,N/A,DHA,NA,% body weight or g/100g bw,7100,mg/kg ww,muscle,fresh,10.1007/s00216-018-1467-y,NA,22:6n3
nutrient,Exler & Weihrauch 1976,1976,1973-1975,Sockeye,NA,All,NA,NA,NA,DHA,NA,% body weight or g/100g bw,17000,mg/kg ww,muscle,from Mahaffey 2004,https://www.sciencedirect.com/science/article/abs/pii/S0013935104000337?via%3Dihub,NA,22:6n3
nutrient,Exler & Weihrauch 1976,1976,1973-1975,Coho,NA,All,NA,NA,NA,DHA,NA,% body weight or g/100g bw,9400,mg/kg ww,muscle,from Mahaffey 2004,https://www.sciencedirect.com/science/article/abs/pii/S0013935104000337?via%3Dihub,NA,22:6n3
nutrient,Exler & Weihrauch 1976,1976,1973-1975,Chinook,NA,All,NA,NA,NA,DHA,NA,% body weight or g/100g bw,7200,mg/kg ww,muscle,from Mahaffey 2004,https://www.sciencedirect.com/science/article/abs/pii/S0013935104000337?via%3Dihub,NA,22:6n3
nutrient,Exler & Weihrauch 1976,1976,1973-1975,Pink,NA,All,NA,NA,NA,DHA,NA,% body weight or g/100g bw,8900,mg/kg ww,muscle,from Mahaffey 2004,https://www.sciencedirect.com/science/article/abs/pii/S0013935104000337?via%3Dihub,NA,22:6n3
nutrient,Henriques et al. (2014),2014,2013,Chum,NPO,All,Store-bought,2,Individual,DHA,NA,% body weight or g/100g bw,6000,mg/kg ww,muscle,NA,doi:10.1017/S0007114514001603,NA,22:6n3
nutrient,Henriques et al. (2014),2014,2013,Sockeye,NPO,All,Store-bought,2,Individual,DHA,NA,% body weight or g/100g bw,5000,mg/kg ww,muscle,NA,doi:10.1017/S0007114514001603,NA,22:6n3
nutrient,Henriques et al. (2014),2014,2013,Pink,NPO,All,Store-bought,2,Individual,DHA,NA,% body weight or g/100g bw,4000,mg/kg ww,muscle,NA,doi:10.1017/S0007114514001603,NA,22:6n3
nutrient,Henriques et al. (2014),2014,2013,Pink,NPO,All,Store-bought,2,Individual,DHA,NA,% body weight or g/100g bw,3000,mg/kg ww,muscle,NA,doi:10.1017/S0007114514001603,NA,22:6n3
nutrient,Henriques et al. (2014),2014,2013,Pink,NPO,All,Store-bought,2,Individual,DHA,NA,% body weight or g/100g bw,3000,mg/kg ww,muscle,NA,doi:10.1017/S0007114514001603,NA,22:6n3
nutrient,Huynh and Kitts 2009,2009,N/A,Pink,Pacific Northwest,BC/WC,British Columbia/Alaska,8,Individual,DHA,NA,% body weight or g/100g bw,6800,mg/kg ww,muscle,from Gladyshev et al. 2012,doi:10.17221/365/2013-CJFS,NA,22:6n3
nutrient,Porter et al. 1992,1992,1988,Sockeye,Alaska,Central AK,Kenai,22,Individual,DHA,NA,% body weight or g/100g bw,5700,mg/kg ww,muscle,light,10.1111/j.1365-2621.1992.tb01201.x,NA,22:6n3
nutrient,Porter et al. 1992,1992,1988,Sockeye,Alaska,Central AK,Kenai,2,Composite,DHA,NA,% body weight or g/100g bw,36700,mg/kg ww,muscle,dark,10.1111/j.1365-2621.1992.tb01201.x,NA,22:6n3
nutrient,Borden et al. 2018,2018,N/A,Sockeye,British Columbia,BC/WC,Store-bought - Vanouver Island,NA,N/A,EPA,NA,% body weight or g/100g bw,3200,mg/kg ww,muscle,fresh,10.1007/s00216-018-1467-y,NA,20:5n3
nutrient,Borden et al. 2018,2018,N/A,Sockeye,British Columbia,BC/WC,Store-bought - Vanouver Island,NA,N/A,EPA,NA,% body weight or g/100g bw,2700,mg/kg ww,muscle,frozen,10.1007/s00216-018-1467-y,NA,20:5n3
nutrient,Borden et al. 2018,2018,N/A,Chinook,British Columbia,BC/WC,Unknown fly fishing - Vanouver Island,NA,N/A,EPA,NA,% body weight or g/100g bw,4200,mg/kg ww,muscle,fresh,10.1007/s00216-018-1467-y,NA,20:5n3
nutrient,Exler & Weihrauch 1976,1976,1973-1975,Sockeye,NA,All,NA,NA,NA,EPA,NA,% body weight or g/100g bw,13000,mg/kg ww,muscle,from Mahaffey 2004,https://www.sciencedirect.com/science/article/abs/pii/S0013935104000337?via%3Dihub,NA,20:5n3
nutrient,Exler & Weihrauch 1976,1976,1973-1975,Coho,NA,All,NA,NA,NA,EPA,NA,% body weight or g/100g bw,8200,mg/kg ww,muscle,from Mahaffey 2004,https://www.sciencedirect.com/science/article/abs/pii/S0013935104000337?via%3Dihub,NA,20:5n3
nutrient,Exler & Weihrauch 1976,1976,1973-1975,Chinook,NA,All,NA,NA,NA,EPA,NA,% body weight or g/100g bw,10000,mg/kg ww,muscle,from Mahaffey 2004,https://www.sciencedirect.com/science/article/abs/pii/S0013935104000337?via%3Dihub,NA,20:5n3
nutrient,Exler & Weihrauch 1976,1976,1973-1975,Pink,NA,All,NA,NA,NA,EPA,NA,% body weight or g/100g bw,6400,mg/kg ww,muscle,from Mahaffey 2004,https://www.sciencedirect.com/science/article/abs/pii/S0013935104000337?via%3Dihub,NA,20:5n3
nutrient,Henriques et al. (2014),2014,2013,Chum,NPO,All,Store-bought,2,Individual,EPA,NA,% body weight or g/100g bw,4000,mg/kg ww,muscle,NA,doi:10.1017/S0007114514001603,NA,20:5n3
nutrient,Henriques et al. (2014),2014,2013,Sockeye,NPO,All,Store-bought,2,Individual,EPA,NA,% body weight or g/100g bw,3000,mg/kg ww,muscle,NA,doi:10.1017/S0007114514001603,NA,20:5n3
nutrient,Henriques et al. (2014),2014,2013,Pink,NPO,All,Store-bought,2,Individual,EPA,NA,% body weight or g/100g bw,2000,mg/kg ww,muscle,NA,doi:10.1017/S0007114514001603,NA,20:5n3
nutrient,Henriques et al. (2014),2014,2013,Pink,NPO,All,Store-bought,2,Individual,EPA,NA,% body weight or g/100g bw,1000,mg/kg ww,muscle,NA,doi:10.1017/S0007114514001603,NA,20:5n3
nutrient,Henriques et al. (2014),2014,2013,Pink,NPO,All,Store-bought,2,Individual,EPA,NA,% body weight or g/100g bw,1000,mg/kg ww,muscle,NA,doi:10.1017/S0007114514001603,NA,20:5n3
nutrient,Huynh and Kitts 2009,2009,N/A,Pink,Pacific Northwest,BC/WC,British Columbia/Alaska,8,Individual,EPA,NA,% body weight or g/100g bw,2900,mg/kg ww,muscle,from Gladyshev et al. 2012,doi:10.17221/365/2013-CJFS,NA,20:5n3
nutrient,Porter et al. 1992,1992,1988,Sockeye,Alaska,Central AK,Kenai,22,Individual,EPA,NA,% body weight or g/100g bw,2200,mg/kg ww,muscle,light,10.1111/j.1365-2621.1992.tb01201.x,NA,20:5n3
nutrient,Porter et al. 1992,1992,1988,Sockeye,Alaska,Central AK,Kenai,2,Composite,EPA,NA,% body weight or g/100g bw,18800,mg/kg ww,muscle,dark,10.1111/j.1365-2621.1992.tb01201.x,NA,20:5n3
nutrient,Larkin and Slaney 1997,1997,N/A,All,British Columbia,BC/WC,Fraser River,NA,NA,N,NA,% body weight or g/100g bw,30400,mg/kg ww,whole fish,NA,doi:10.1577/1548-8446(1997)022<0016:IOTIMN>2.0.CO;2,NA,NA
nutrient,USDA database,N/A,N/A,Sockeye,USA,All,NA,NA,NA,N,NA,% body weight or g/100g bw,35600,mg/kg ww,muscle,N derived from protein data using https://norganics.com/index-2/calculation-pages/convert-protein-to-nitrogen/,https://fdc.nal.usda.gov/index.html,NA,NA
nutrient,USDA database,N/A,N/A,Coho,USA,All,NA,NA,NA,N,NA,% body weight or g/100g bw,34600,mg/kg ww,muscle,N derived from protein data using https://norganics.com/index-2/calculation-pages/convert-protein-to-nitrogen/,https://fdc.nal.usda.gov/index.html,NA,NA
nutrient,USDA database,N/A,N/A,Chinook,USA,All,NA,NA,NA,N,NA,% body weight or g/100g bw,31900,mg/kg ww,muscle,N derived from protein data using https://norganics.com/index-2/calculation-pages/convert-protein-to-nitrogen/,https://fdc.nal.usda.gov/index.html,NA,NA
nutrient,USDA database,N/A,N/A,Pink,USA,All,NA,NA,NA,N,NA,% body weight or g/100g bw,32800,mg/kg ww,muscle,N derived from protein data using https://norganics.com/index-2/calculation-pages/convert-protein-to-nitrogen/,https://fdc.nal.usda.gov/index.html,NA,NA
nutrient,USDA database,N/A,N/A,Chum,USA,All,NA,NA,NA,N,NA,% body weight or g/100g bw,32200,mg/kg ww,muscle,N derived from protein data using https://norganics.com/index-2/calculation-pages/convert-protein-to-nitrogen/,https://fdc.nal.usda.gov/index.html,NA,NA
nutrient,Donaldson 1967,1967,N/A,Sockeye,Alaska,AK,NA,NA,NA,P,NA,% body weight or g/100g bw,3800,mg/kg ww,muscle,NA,https://www.proquest.com/docview/302302466?pq-origsite=gscholar&fromopenview=true,NA,NA
nutrient,Larkin and Slaney 1997,1997,N/A,All,British Columbia,BC/WC,Fraser River,NA,NA,P,NA,% body weight or g/100g bw,3600,mg/kg ww,whole fish,NA,doi:10.1577/1548-8446(1997)022<0016:IOTIMN>2.0.CO;2,NA,NA
nutrient,USDA database,N/A,N/A,Sockeye,USA,All,NA,NA,NA,P,NA,% body weight or g/100g bw,2570,mg/kg ww,muscle,NA,https://fdc.nal.usda.gov/index.html,NA,NA
nutrient,USDA database,N/A,N/A,Coho,USA,All,NA,NA,NA,P,NA,% body weight or g/100g bw,2620,mg/kg ww,muscle,NA,https://fdc.nal.usda.gov/index.html,NA,NA
nutrient,USDA database,N/A,N/A,Chinook,USA,All,NA,NA,NA,P,NA,% body weight or g/100g bw,2890,mg/kg ww,muscle,NA,https://fdc.nal.usda.gov/index.html,NA,NA
nutrient,USDA database,N/A,N/A,Pink,USA,All,NA,NA,NA,P,NA,% body weight or g/100g bw,2610,mg/kg ww,muscle,NA,https://fdc.nal.usda.gov/index.html,NA,NA
nutrient,USDA database,N/A,N/A,Chum,USA,All,NA,NA,NA,P,NA,% body weight or g/100g bw,2830,mg/kg ww,muscle,NA,https://fdc.nal.usda.gov/index.html,NA,NA
nutrient,Gende et al. 2004,2004,2000,Chum,USA,SEAK,Bear Creek,NA,NA,P,NA,NA,5101.522843,mg/kg ww,whole fish,males/table 1,NA,NA,NA
nutrient,Gende et al. 2004,2004,2000,Chum,USA,SEAK,Bear Creek,NA,NA,P,NA,NA,4492.307692,mg/kg ww,whole fish,females/table1,NA,NA,NA
nutrient,Gende et al. 2004,2004,2000,Pink,USA,SEAK,Bear Creek,NA,NA,P,NA,NA,5092.02454,mg/kg ww,whole fish,males/table 1,NA,NA,NA
nutrient,Gende et al. 2004,2004,2000,Pink,USA,SEAK,Bear Creek,NA,NA,P,NA,NA,4295.302013,mg/kg ww,whole fish,females/table1,NA,NA,NA
nutrient,Gende et al. 2004,2004,2000,Chum,USA,SEAK,Bear Creek,NA,NA,N,NA,NA,32994.92386,mg/kg ww,whole fish,males/table 1,NA,NA,NA
nutrient,Gende et al. 2004,2004,2000,Chum,USA,SEAK,Bear Creek,NA,NA,N,NA,NA,32923.07692,mg/kg ww,whole fish,females/table1,NA,NA,NA
nutrient,Gende et al. 2004,2004,2000,Pink,USA,SEAK,Bear Creek,NA,NA,N,NA,NA,31901.84049,mg/kg ww,whole fish,males/table 1,NA,NA,NA
nutrient,Gende et al. 2004,2004,2000,Pink,USA,SEAK,Bear Creek,NA,NA,N,NA,NA,32885.90604,mg/kg ww,whole fish,females/table1,NA,NA,NA
